Question,Sampling Rate,Experiment ID,File Name,Status,Match (Rfty Code),Match (Ori Code),Buggy Code,Buggy Mutation,Refactored Correct Code,Original Correct File Name,Rule ID,Repair,Stru. Matching Time,Online Refactoring Time,GCR Time,Stru. Mutation Time,Block Mapping Time,Variable Mapping Time,Specification&Synthesis Time,Total Time,#Passed Test Case,#Test Case,RPS
question_40,0,0,wrong_1_001.py,fail_other,1,1,"def wrap ( text , cols ) :
    lines = [ ]
    while ( len ( text ) > cols ) :
        end = text . rfind ( ' ' , 0 , ( cols + 1 ) )
        if ( end == ( - 1 ) ) :
            end = cols
        ( line , text ) = ( text [ : end ] , text [ end : ] )
        lines . append ( line )
    return lines


","def wrap ( text , cols ) :
    lines = [ ]
    while ( len ( text ) > cols ) :
        end = text . rfind ( ' ' , 0 , ( cols + 1 ) )
        if ( end == ( - 1 ) ) :
            end = cols
        ( line , text ) = ( text [ : end ] , text [ end : ] )
        lines . append ( line )
    return lines


","def wrap ( text , cols ) :
    lines = [ ]
    while ( len ( text ) > cols ) :
        end = text . rfind ( ' ' , 0 , ( cols + 1 ) )
        if ( end == ( - 1 ) ) :
            end = cols
        ( line , text ) = ( text [ : end ] , text [ end : ] )
        lines . append ( line )
    lines . append ( text )
    return lines


",{'wrap': 'reference.py'},{'wrap': ''},"def wrap ( text , cols ) :
    lines = [ ]
    while ( len ( text ) > cols ) :
        end = text . rfind ( ' ' , 0 , ( cols + 1 ) )
        if ( end == ( - 1 ) ) :
            end = cols
        ( line , text ) = ( text [ : end ] , text [ end : ] )
        lines . append ( line )
    lines . append ( text )
    return lines
",N/A,0.001,0.009,0.000,0.000,0.010,0.059,0.085,0,5,N/A
