Question,Sampling Rate,Experiment ID,File Name,Status,Match (Rfty Code),Match (Ori Code),Buggy Code,Buggy Mutation,Refactored Correct Code,Original Correct File Name,Rule ID,Repair,Stru. Matching Time,Online Refactoring Time,GCR Time,Stru. Mutation Time,Block Mapping Time,Variable Mapping Time,Specification&Synthesis Time,Total Time,#Passed Test Case,#Test Case,RPS
question_36,0,0,wrong_1_001.py,fail_other,1,1,"def sqrt ( x , epsilon ) :
    approx = ( x / 2 )
    while ( abs ( ( x - approx ) ) > epsilon ) :
        approx = ( 0.5 * ( approx + ( x / approx ) ) )
    return approx


","def sqrt ( x , epsilon ) :
    approx = ( x / 2 )
    while ( abs ( ( x - approx ) ) > epsilon ) :
        approx = ( 0.5 * ( approx + ( x / approx ) ) )
    return approx


","def sqrt ( x , epsilon ) :
    approx = ( x / 2 )
    while ( abs ( ( x - ( approx ** 2 ) ) ) > epsilon ) :
        approx = ( 0.5 * ( approx + ( x / approx ) ) )
    return approx


",{'sqrt': 'reference.py'},{'sqrt': ''},"def sqrt ( x , epsilon ) :
    approx = ( x / 2 )
    while ( abs ( ( x - ( approx ** 2 ) ) ) > epsilon ) :
        approx = ( 0.5 * ( approx + ( x / approx ) ) )
    return approx
",N/A,0.001,0.004,0.000,0.000,11.359,20.975,32.345,4,7,N/A
