Question,Sampling Rate,Experiment ID,File Name,Status,Match (Rfty Code),Match (Ori Code),Buggy Code,Buggy Mutation,Refactored Correct Code,Original Correct File Name,Rule ID,Repair,Stru. Matching Time,Online Refactoring Time,GCR Time,Stru. Mutation Time,Block Mapping Time,Variable Mapping Time,Specification&Synthesis Time,Total Time,#Passed Test Case,#Test Case,RPS
question_11,0,0,wrong_1_001.py,fail_other,1,1,"def hanoi ( height , start = 1 , end = 3 ) :
    steps = [ ]
    if ( height > 0 ) :
        helper = ( ( { 1 , 2 , 3 } - { start } ) - { end } ) . pop ( )
        steps . extend ( hanoi ( ( height - 1 ) , start , helper ) )
        steps . append ( ( start , helper ) )
        steps . extend ( hanoi ( ( height - 1 ) , helper , end ) )
    return steps


","def hanoi ( height , start = 1 , end = 3 ) :
    steps = [ ]
    if ( height > 0 ) :
        helper = ( ( { 1 , 2 , 3 } - { start } ) - { end } ) . pop ( )
        steps . extend ( hanoi ( ( height - 1 ) , start , helper ) )
        steps . append ( ( start , helper ) )
        steps . extend ( hanoi ( ( height - 1 ) , helper , end ) )
    return steps


","def hanoi ( height , start = 1 , end = 3 ) :
    steps = [ ]
    if ( height > 0 ) :
        helper = ( ( { 1 , 2 , 3 } - { start } ) - { end } ) . pop ( )
        steps . extend ( hanoi ( ( height - 1 ) , start , helper ) )
        steps . append ( ( start , end ) )
        steps . extend ( hanoi ( ( height - 1 ) , helper , end ) )
    return steps


",{'hanoi': 'reference.py'},{'hanoi': ''},"def hanoi ( height , start = 1 , end = 3 ) :
    steps = [ ]
    if ( height > 0 ) :
        helper = ( ( { 1 , 2 , 3 } - { start } ) - { end } ) . pop ( )
        steps . extend ( hanoi ( ( height - 1 ) , start , helper ) )
        steps . append ( ( start , end ) )
        steps . extend ( hanoi ( ( height - 1 ) , helper , end ) )
    return steps
",N/A,0.001,0.016,0.000,0.000,0.288,0.065,0.377,1,8,N/A
question_22,0,0,wrong_1_001.py,fail_other,1,1,"def minimum_spanning_tree ( weight_by_edge ) :
    group_by_node = { }
    mst_edges = set ( )
    for edge in sorted ( weight_by_edge , key = weight_by_edge . __getitem__ ) :
        ( u , v ) = edge
        if ( group_by_node . setdefault ( u , { u } ) != group_by_node . setdefault ( v , { v } ) ) :
            mst_edges . add ( edge )
            group_by_node [ u ] . update ( group_by_node [ v ] )
            for node in group_by_node [ v ] :
                group_by_node [ node ] . update ( group_by_node [ u ] )
    return mst_edges


","def minimum_spanning_tree ( weight_by_edge ) :
    group_by_node = { }
    mst_edges = set ( )
    for edge in sorted ( weight_by_edge , key = weight_by_edge . __getitem__ ) :
        ( u , v ) = edge
        if ( group_by_node . setdefault ( u , { u } ) != group_by_node . setdefault ( v , { v } ) ) :
            mst_edges . add ( edge )
            group_by_node [ u ] . update ( group_by_node [ v ] )
            for node in group_by_node [ v ] :
                group_by_node [ node ] . update ( group_by_node [ u ] )
    return mst_edges


","def minimum_spanning_tree ( weight_by_edge ) :
    group_by_node = { }
    mst_edges = set ( )
    for edge in sorted ( weight_by_edge , key = weight_by_edge . __getitem__ ) :
        ( u , v ) = edge
        if ( group_by_node . setdefault ( u , { u } ) != group_by_node . setdefault ( v , { v } ) ) :
            mst_edges . add ( edge )
            group_by_node [ u ] . update ( group_by_node [ v ] )
            for node in group_by_node [ v ] :
                group_by_node [ node ] = group_by_node [ u ]
    return mst_edges


",{'minimum_spanning_tree': 'reference.py'},{'minimum_spanning_tree': ''},"def minimum_spanning_tree ( weight_by_edge ) :
    group_by_node = { }
    mst_edges = set ( )
    for edge in sorted ( weight_by_edge , key = weight_by_edge . __getitem__ ) :
        ( u , v ) = edge
        if ( group_by_node . setdefault ( u , { u } ) != group_by_node . setdefault ( v , { v } ) ) :
            mst_edges . add ( edge )
            group_by_node [ u ] . update ( group_by_node [ v ] )
            for node in group_by_node [ v ] :
                group_by_node [ node ] = group_by_node [ u ]
    return mst_edges
",N/A,0.001,0.014,0.000,0.000,0.147,0.075,0.241,0,1,N/A
question_4,0,0,wrong_1_001.py,fail_exception,1,1,"def depth_first_search ( startnode , goalnode ) :
    nodesvisited = set ( )
    def search_from ( node ) :
        if ( node in nodesvisited ) :
            return False
        elif ( node is goalnode ) :
            return True
        else :
            return any ( ( search_from ( nextnode ) for nextnode in node . successors ) )
    return search_from ( startnode )


","def depth_first_search ( startnode , goalnode ) :
    nodesvisited = set ( )
    def search_from ( node ) :
        if ( node in nodesvisited ) :
            return False
        elif ( node is goalnode ) :
            return True
        else :
            return any ( ( search_from ( nextnode ) for nextnode in node . successors ) )
    return search_from ( startnode )


","def depth_first_search ( startnode , goalnode ) :
    nodesvisited = set ( )
    def search_from ( node ) :
        if ( node in nodesvisited ) :
            return False
        elif ( node is goalnode ) :
            return True
        else :
            nodesvisited . add ( node )
            return any ( ( search_from ( nextnode ) for nextnode in node . successors ) )
    return search_from ( startnode )


",{'depth_first_search': 'reference.py'},{'depth_first_search': ''},N/A,N/A,0.003,0.009,0.000,0.000,0.409,0.000,0.432,N/A,N/A,N/A
question_13,0,0,wrong_1_001.py,fail_other,1,1,"def kheapsort ( arr , k ) :
    heap = arr [ : k ]
    heapq . heapify ( heap )
    for x in arr :
        ( yield heapq . heappushpop ( heap , x ) )
    while heap :
        ( yield heapq . heappop ( heap ) )


","def kheapsort ( arr , k ) :
    heap = arr [ : k ]
    heapq . heapify ( heap )
    for x in arr :
        ( yield heapq . heappushpop ( heap , x ) )
    while heap :
        ( yield heapq . heappop ( heap ) )


","def kheapsort ( arr , k ) :
    heap = arr [ : k ]
    heapq . heapify ( heap )
    for x in arr [ k : ] :
        ( yield heapq . heappushpop ( heap , x ) )
    while heap :
        ( yield heapq . heappop ( heap ) )


",{'kheapsort': 'reference.py'},{'kheapsort': ''},"def kheapsort ( arr , k ) :
    heap = arr [ : k ]
    heapq . heapify ( heap )
    for x in arr [ k : ] :
        ( yield heapq . heappushpop ( heap , x ) )
    while heap :
        ( yield heapq . heappop ( heap ) )
",N/A,0.001,0.005,0.000,0.000,0.004,0.006,0.023,0,4,N/A
question_39,0,0,wrong_1_001.py,fail_other,1,1,"def topological_ordering ( nodes ) :
    ordered_nodes = [ node for node in nodes if ( not node . incoming_nodes ) ]
    for node in ordered_nodes :
        for nextnode in node . outgoing_nodes :
            if ( set ( ordered_nodes ) . issuperset ( nextnode . outgoing_nodes ) and ( nextnode not in ordered_nodes ) ) :
                ordered_nodes . append ( nextnode )
    return ordered_nodes


","def topological_ordering ( nodes ) :
    ordered_nodes = [ node for node in nodes if ( not node . incoming_nodes ) ]
    for node in ordered_nodes :
        for nextnode in node . outgoing_nodes :
            if ( set ( ordered_nodes ) . issuperset ( nextnode . outgoing_nodes ) and ( nextnode not in ordered_nodes ) ) :
                ordered_nodes . append ( nextnode )
    return ordered_nodes


","def topological_ordering ( nodes ) :
    ordered_nodes = [ node for node in nodes if ( not node . incoming_nodes ) ]
    for node in ordered_nodes :
        for nextnode in node . outgoing_nodes :
            if ( set ( ordered_nodes ) . issuperset ( nextnode . incoming_nodes ) and ( nextnode not in ordered_nodes ) ) :
                ordered_nodes . append ( nextnode )
    return ordered_nodes


",{'topological_ordering': 'reference.py'},{'topological_ordering': ''},"def topological_ordering ( nodes ) :
    ordered_nodes = [ node for node in nodes if ( not node . incoming_nodes ) ]
    for node in ordered_nodes :
        for nextnode in node . outgoing_nodes :
            if ( set ( ordered_nodes ) . issuperset ( nextnode . incoming_nodes ) and ( nextnode not in ordered_nodes ) ) :
                ordered_nodes . append ( nextnode )
    return ordered_nodes
",N/A,0.001,0.006,0.000,0.000,0.040,0.063,0.114,0,1,N/A
question_18,0,0,wrong_1_001.py,success_wo_mut,1,1,"def lis ( arr ) :
    ends = { }
    longest = 0
    for ( i , val ) in enumerate ( arr ) :
        prefix_lengths = [ j for j in range ( 1 , ( longest + 1 ) ) if ( arr [ ends [ j ] ] < val ) ]
        length = ( max ( prefix_lengths ) if prefix_lengths else 0 )
        if ( ( length == longest ) or ( val < arr [ ends [ ( length + 1 ) ] ] ) ) :
            ends [ ( length + 1 ) ] = i
            longest = ( length + 1 )
    return longest


","def lis ( arr ) :
    ends = { }
    longest = 0
    for ( i , val ) in enumerate ( arr ) :
        prefix_lengths = [ j for j in range ( 1 , ( longest + 1 ) ) if ( arr [ ends [ j ] ] < val ) ]
        length = ( max ( prefix_lengths ) if prefix_lengths else 0 )
        if ( ( length == longest ) or ( val < arr [ ends [ ( length + 1 ) ] ] ) ) :
            ends [ ( length + 1 ) ] = i
            longest = ( length + 1 )
    return longest


","def lis ( arr ) :
    ends = { }
    longest = 0
    for ( i , val ) in enumerate ( arr ) :
        prefix_lengths = [ j for j in range ( 1 , ( longest + 1 ) ) if ( arr [ ends [ j ] ] < val ) ]
        length = ( max ( prefix_lengths ) if prefix_lengths else 0 )
        if ( ( length == longest ) or ( val < arr [ ends [ ( length + 1 ) ] ] ) ) :
            ends [ ( length + 1 ) ] = i
            longest = max ( longest , ( length + 1 ) )
    return longest


",{'lis': 'reference.py'},{'lis': ''},"def lis ( arr ) :
    ends = { }
    longest = 0
    for ( i , val ) in enumerate ( arr ) :
        prefix_lengths = [ j for j in range ( 1 , ( longest + 1 ) ) if ( arr [ ends [ j ] ] < val ) ]
        length = ( max ( prefix_lengths ) if prefix_lengths else 0 )
        if ( ( length == longest ) or ( val < arr [ ends [ ( length + 1 ) ] ] ) ) :
            ends [ ( length + 1 ) ] = i
            longest = max ( longest , ( length + 1 ) )
    return longest
",N/A,0.001,0.016,0.000,0.000,0.706,0.203,0.940,12,12,0.037
question_12,0,0,wrong_1_001.py,fail_other,1,1,"def is_valid_parenthesization ( parens ) :
    depth = 0
    for paren in parens :
        if ( paren == '(' ) :
            depth += 1
        else :
            depth -= 1
            if ( depth < 0 ) :
                return False
    return True


","def is_valid_parenthesization ( parens ) :
    depth = 0
    for paren in parens :
        if ( paren == '(' ) :
            depth += 1
        else :
            depth -= 1
            if ( depth < 0 ) :
                return False
    return True


","def is_valid_parenthesization ( parens ) :
    depth = 0
    for paren in parens :
        if ( paren == '(' ) :
            depth += 1
        else :
            depth -= 1
            if ( depth < 0 ) :
                return False
    return ( depth == 0 )


",{'is_valid_parenthesization': 'reference.py'},{'is_valid_parenthesization': ''},"def is_valid_parenthesization ( parens ) :
    depth = 0
    for paren in parens :
        if ( paren == '(' ) :
            depth += 1
        else :
            depth -= 1
            if ( depth < 0 ) :
                return False
    return ( depth == 0 )
",N/A,0.001,0.005,0.000,0.000,0.015,0.075,0.100,0,3,N/A
question_24,0,0,wrong_1_001.py,success_wo_mut,1,1,"def next_permutation ( perm ) :
    for i in range ( ( len ( perm ) - 2 ) , ( - 1 ) , ( - 1 ) ) :
        if ( perm [ i ] < perm [ ( i + 1 ) ] ) :
            for j in range ( ( len ( perm ) - 1 ) , i , ( - 1 ) ) :
                if ( perm [ j ] < perm [ i ] ) :
                    next_perm = list ( perm )
                    ( next_perm [ i ] , next_perm [ j ] ) = ( perm [ j ] , perm [ i ] )
                    next_perm [ ( i + 1 ) : ] = reversed ( next_perm [ ( i + 1 ) : ] )
                    return next_perm


","def next_permutation ( perm ) :
    for i in range ( ( len ( perm ) - 2 ) , ( - 1 ) , ( - 1 ) ) :
        if ( perm [ i ] < perm [ ( i + 1 ) ] ) :
            for j in range ( ( len ( perm ) - 1 ) , i , ( - 1 ) ) :
                if ( perm [ j ] < perm [ i ] ) :
                    next_perm = list ( perm )
                    ( next_perm [ i ] , next_perm [ j ] ) = ( perm [ j ] , perm [ i ] )
                    next_perm [ ( i + 1 ) : ] = reversed ( next_perm [ ( i + 1 ) : ] )
                    return next_perm


","def next_permutation ( perm ) :
    for i in range ( ( len ( perm ) - 2 ) , ( - 1 ) , ( - 1 ) ) :
        if ( perm [ i ] < perm [ ( i + 1 ) ] ) :
            for j in range ( ( len ( perm ) - 1 ) , i , ( - 1 ) ) :
                if ( perm [ i ] < perm [ j ] ) :
                    next_perm = list ( perm )
                    ( next_perm [ i ] , next_perm [ j ] ) = ( perm [ j ] , perm [ i ] )
                    next_perm [ ( i + 1 ) : ] = reversed ( next_perm [ ( i + 1 ) : ] )
                    return next_perm


",{'next_permutation': 'reference.py'},{'next_permutation': ''},"def next_permutation ( perm ) :
    for i in range ( ( len ( perm ) - 2 ) , ( - 1 ) , ( - 1 ) ) :
        if ( perm [ i ] < perm [ ( i + 1 ) ] ) :
            for j in range ( ( len ( perm ) - 1 ) , i , ( - 1 ) ) :
                if ( perm [ i ] < perm [ j ] ) :
                    next_perm = list ( perm )
                    ( next_perm [ i ] , next_perm [ j ] ) = ( perm [ j ] , perm [ i ] )
                    next_perm [ ( i + 1 ) : ] = reversed ( next_perm [ ( i + 1 ) : ] )
                    return next_perm
",N/A,0.005,0.025,0.000,0.000,0.080,0.118,0.242,8,8,0.021
question_37,0,0,wrong_1_001.py,success_wo_mut,1,1,"def subsequences ( a , b , k ) :
    if ( k == 0 ) :
        return [ ]
    ret = [ ]
    for i in range ( a , ( ( b + 1 ) - k ) ) :
        ret . extend ( ( ( [ i ] + rest ) for rest in subsequences ( ( i + 1 ) , b , ( k - 1 ) ) ) )
    return ret


","def subsequences ( a , b , k ) :
    if ( k == 0 ) :
        return [ ]
    ret = [ ]
    for i in range ( a , ( ( b + 1 ) - k ) ) :
        ret . extend ( ( ( [ i ] + rest ) for rest in subsequences ( ( i + 1 ) , b , ( k - 1 ) ) ) )
    return ret


","def subsequences ( a , b , k ) :
    if ( k == 0 ) :
        return [ [ ] ]
    ret = [ ]
    for i in range ( a , ( ( b + 1 ) - k ) ) :
        ret . extend ( ( ( [ i ] + rest ) for rest in subsequences ( ( i + 1 ) , b , ( k - 1 ) ) ) )
    return ret


",{'subsequences': 'reference.py'},{'subsequences': ''},"def subsequences ( a , b , k ) :
    if ( k == 0 ) :
        return [ [ ] ]
    ret = [ ]
    for i in range ( a , ( ( b + 1 ) - k ) ) :
        ret . extend ( ( ( [ i ] + rest ) for rest in subsequences ( ( i + 1 ) , b , ( k - 1 ) ) ) )
    return ret
",N/A,0.001,0.007,0.000,0.000,1.375,0.073,1.473,12,12,0.019
question_33,0,0,wrong_1_001.py,fail_other,1,1,"def shortest_paths ( source , weight_by_edge ) :
    weight_by_node = { v : float ( 'inf' ) for ( u , v ) in weight_by_edge }
    weight_by_node [ source ] = 0
    for i in range ( ( len ( weight_by_node ) - 1 ) ) :
        for ( ( u , v ) , weight ) in weight_by_edge . items ( ) :
            weight_by_edge [ ( u , v ) ] = min ( ( weight_by_node [ u ] + weight ) , weight_by_node [ v ] )
    return weight_by_node


","def shortest_paths ( source , weight_by_edge ) :
    weight_by_node = { v : float ( 'inf' ) for ( u , v ) in weight_by_edge }
    weight_by_node [ source ] = 0
    for i in range ( ( len ( weight_by_node ) - 1 ) ) :
        for ( ( u , v ) , weight ) in weight_by_edge . items ( ) :
            weight_by_edge [ ( u , v ) ] = min ( ( weight_by_node [ u ] + weight ) , weight_by_node [ v ] )
    return weight_by_node


","def shortest_paths ( source , weight_by_edge ) :
    weight_by_node = { v : float ( 'inf' ) for ( u , v ) in weight_by_edge }
    weight_by_node [ source ] = 0
    for i in range ( ( len ( weight_by_node ) - 1 ) ) :
        for ( ( u , v ) , weight ) in weight_by_edge . items ( ) :
            weight_by_node [ v ] = min ( ( weight_by_node [ u ] + weight ) , weight_by_node [ v ] )
    return weight_by_node


",{'shortest_paths': 'reference.py'},{'shortest_paths': ''},"def shortest_paths ( source , weight_by_edge ) :
    weight_by_node = { v : float ( 'inf' ) for ( u , v ) in weight_by_edge }
    weight_by_node [ source ] = 0
    for i in range ( ( len ( weight_by_node ) - 1 ) ) :
        for ( ( u , v ) , weight ) in weight_by_edge . items ( ) :
            weight_by_node [ v ] = min ( ( weight_by_node [ u ] + weight ) , weight_by_node [ v ] )
    return weight_by_node
",N/A,0.001,0.011,0.000,0.000,0.493,0.071,0.584,0,1,N/A
question_3,0,0,wrong_3_001.py,success_wo_mut,1,1,"def bucketsort ( arr , k ) :
    counts = ( [ 0 ] * k )
    for x in arr :
        counts [ x ] += 1
    sorted_arr = [ ]
    for ( i , count ) in enumerate ( arr ) :
        sorted_arr . extend ( ( [ i ] * count ) )
    return sorted_arr


","def bucketsort ( arr , k ) :
    counts = ( [ 0 ] * k )
    for x in arr :
        counts [ x ] += 1
    sorted_arr = [ ]
    for ( i , count ) in enumerate ( arr ) :
        sorted_arr . extend ( ( [ i ] * count ) )
    return sorted_arr


","def bucketsort ( arr , k ) :
    counts = ( [ 0 ] * k )
    for x in arr :
        counts [ x ] += 1
    sorted_arr = [ ]
    for ( i , count ) in enumerate ( counts ) :
        sorted_arr . extend ( ( [ i ] * count ) )
    return sorted_arr


",{'bucketsort': 'reference.py'},{'bucketsort': ''},"def bucketsort ( arr , k ) :
    counts = ( [ 0 ] * k )
    for count in arr :
        counts [ count ] += 1
    sorted_arr = [ ]
    for ( i , ref_count ) in enumerate ( counts ) :
        sorted_arr . extend ( ( [ i ] * ref_count ) )
    return sorted_arr
",N/A,0.001,0.007,0.000,0.000,0.364,0.061,0.437,7,7,0.119
question_6,0,0,wrong_1_001.py,success_wo_mut,1,1,"def find_first_in_sorted ( arr , x ) :
    lo = 0
    hi = len ( arr )
    while ( lo <= hi ) :
        mid = ( ( lo + hi ) // 2 )
        if ( ( x == arr [ mid ] ) and ( ( mid == 0 ) or ( x != arr [ ( mid - 1 ) ] ) ) ) :
            return mid
        elif ( x <= arr [ mid ] ) :
            hi = mid
        else :
            lo = ( mid + 1 )
    return ( - 1 )


","def find_first_in_sorted ( arr , x ) :
    lo = 0
    hi = len ( arr )
    while ( lo <= hi ) :
        mid = ( ( lo + hi ) // 2 )
        if ( ( x == arr [ mid ] ) and ( ( mid == 0 ) or ( x != arr [ ( mid - 1 ) ] ) ) ) :
            return mid
        elif ( x <= arr [ mid ] ) :
            hi = mid
        else :
            lo = ( mid + 1 )
    return ( - 1 )


","def find_first_in_sorted ( arr , x ) :
    lo = 0
    hi = len ( arr )
    while ( lo < hi ) :
        mid = ( ( lo + hi ) // 2 )
        if ( ( x == arr [ mid ] ) and ( ( mid == 0 ) or ( x != arr [ ( mid - 1 ) ] ) ) ) :
            return mid
        elif ( x <= arr [ mid ] ) :
            hi = mid
        else :
            lo = ( mid + 1 )
    return ( - 1 )


",{'find_first_in_sorted': 'reference.py'},{'find_first_in_sorted': ''},"def find_first_in_sorted ( arr , x ) :
    lo = 0
    hi = len ( arr )
    while ( lo < hi ) :
        mid = ( ( lo + hi ) // 2 )
        if ( ( x == arr [ mid ] ) and ( ( mid == 0 ) or ( x != arr [ ( mid - 1 ) ] ) ) ) :
            return mid
        elif ( x <= arr [ mid ] ) :
            hi = mid
        else :
            lo = ( mid + 1 )
    return ( - 1 )
",N/A,0.001,0.015,0.000,0.000,2.088,4.284,6.395,7,7,0.014
question_15,0,0,wrong_1_001.py,success_wo_mut,1,1,"def kth ( arr , k ) :
    pivot = arr [ 0 ]
    below = [ x for x in arr if ( x < pivot ) ]
    above = [ x for x in arr if ( x > pivot ) ]
    num_less = len ( below )
    num_lessoreq = ( len ( arr ) - len ( above ) )
    if ( k < num_less ) :
        return kth ( below , k )
    elif ( k >= num_lessoreq ) :
        return kth ( above , k )
    else :
        return pivot


","def kth ( arr , k ) :
    pivot = arr [ 0 ]
    below = [ x for x in arr if ( x < pivot ) ]
    above = [ x for x in arr if ( x > pivot ) ]
    num_less = len ( below )
    num_lessoreq = ( len ( arr ) - len ( above ) )
    if ( k < num_less ) :
        return kth ( below , k )
    elif ( k >= num_lessoreq ) :
        return kth ( above , k )
    else :
        return pivot


","def kth ( arr , k ) :
    pivot = arr [ 0 ]
    below = [ x for x in arr if ( x < pivot ) ]
    above = [ x for x in arr if ( x > pivot ) ]
    num_less = len ( below )
    num_lessoreq = ( len ( arr ) - len ( above ) )
    if ( k < num_less ) :
        return kth ( below , k )
    elif ( k >= num_lessoreq ) :
        return kth ( above , ( k - num_lessoreq ) )
    else :
        return pivot


",{'kth': 'reference.py'},{'kth': ''},"def kth ( arr , k ) :
    pivot = arr [ 0 ]
    below = [ x for x in arr if ( x < pivot ) ]
    above = [ x for x in arr if ( x > pivot ) ]
    num_less = len ( below )
    num_lessoreq = ( len ( arr ) - len ( above ) )
    if ( k < num_less ) :
        return kth ( below , k )
    elif ( k >= num_lessoreq ) :
        return kth ( above , ( k - num_lessoreq ) )
    else :
        return pivot
",N/A,0.001,0.014,0.000,0.000,0.262,0.036,0.318,7,7,0.043
question_40,0,0,wrong_1_001.py,fail_other,1,1,"def wrap ( text , cols ) :
    lines = [ ]
    while ( len ( text ) > cols ) :
        end = text . rfind ( ' ' , 0 , ( cols + 1 ) )
        if ( end == ( - 1 ) ) :
            end = cols
        ( line , text ) = ( text [ : end ] , text [ end : ] )
        lines . append ( line )
    return lines


","def wrap ( text , cols ) :
    lines = [ ]
    while ( len ( text ) > cols ) :
        end = text . rfind ( ' ' , 0 , ( cols + 1 ) )
        if ( end == ( - 1 ) ) :
            end = cols
        ( line , text ) = ( text [ : end ] , text [ end : ] )
        lines . append ( line )
    return lines


","def wrap ( text , cols ) :
    lines = [ ]
    while ( len ( text ) > cols ) :
        end = text . rfind ( ' ' , 0 , ( cols + 1 ) )
        if ( end == ( - 1 ) ) :
            end = cols
        ( line , text ) = ( text [ : end ] , text [ end : ] )
        lines . append ( line )
    lines . append ( text )
    return lines


",{'wrap': 'reference.py'},{'wrap': ''},"def wrap ( text , cols ) :
    lines = [ ]
    while ( len ( text ) > cols ) :
        end = text . rfind ( ' ' , 0 , ( cols + 1 ) )
        if ( end == ( - 1 ) ) :
            end = cols
        ( line , text ) = ( text [ : end ] , text [ end : ] )
        lines . append ( line )
    lines . append ( text )
    return lines
",N/A,0.001,0.009,0.000,0.000,0.010,0.059,0.085,0,5,N/A
question_9,0,0,wrong_1_001.py,success_wo_mut,1,1,"def gcd ( a , b ) :
    if ( b == 0 ) :
        return a
    else :
        return gcd ( ( a % b ) , b )


","def gcd ( a , b ) :
    if ( b == 0 ) :
        return a
    else :
        return gcd ( ( a % b ) , b )


","def gcd ( a , b ) :
    if ( b == 0 ) :
        return a
    else :
        return gcd ( b , ( a % b ) )


",{'gcd': 'reference.py'},{'gcd': ''},"def gcd ( a , b ) :
    if ( b == 0 ) :
        return a
    else :
        return gcd ( b , ( a % b ) )
",N/A,0.000,0.003,0.000,0.000,0.584,0.671,1.261,6,6,0.100
question_32,0,0,wrong_1_001.py,fail_other,1,1,"def shortest_path_lengths ( n , length_by_edge ) :
    length_by_path = defaultdict ( ( lambda : float ( 'inf' ) ) )
    length_by_path . update ( { ( i , i ) : 0 for i in range ( n ) } )
    length_by_path . update ( length_by_edge )
    for k in range ( n ) :
        for i in range ( n ) :
            for j in range ( n ) :
                length_by_path [ ( i , j ) ] = min ( length_by_path [ ( i , j ) ] , ( length_by_path [ ( i , k ) ] + length_by_path [ ( j , k ) ] ) )
    return length_by_path


","def shortest_path_lengths ( n , length_by_edge ) :
    length_by_path = defaultdict ( ( lambda : float ( 'inf' ) ) )
    length_by_path . update ( { ( i , i ) : 0 for i in range ( n ) } )
    length_by_path . update ( length_by_edge )
    for k in range ( n ) :
        for i in range ( n ) :
            for j in range ( n ) :
                length_by_path [ ( i , j ) ] = min ( length_by_path [ ( i , j ) ] , ( length_by_path [ ( i , k ) ] + length_by_path [ ( j , k ) ] ) )
    return length_by_path


","def shortest_path_lengths ( n , length_by_edge ) :
    length_by_path = defaultdict ( ( lambda : float ( 'inf' ) ) )
    length_by_path . update ( { ( i , i ) : 0 for i in range ( n ) } )
    length_by_path . update ( length_by_edge )
    for k in range ( n ) :
        for i in range ( n ) :
            for j in range ( n ) :
                length_by_path [ ( i , j ) ] = min ( length_by_path [ ( i , j ) ] , ( length_by_path [ ( i , k ) ] + length_by_path [ ( k , j ) ] ) )
    return length_by_path


",{'shortest_path_lengths': 'reference.py'},{'shortest_path_lengths': ''},"def shortest_path_lengths ( n , length_by_edge ) :
    length_by_path = defaultdict ( ( lambda : float ( 'inf' ) ) )
    length_by_path . update ( { ( i , i ) : 0 for i in range ( n ) } )
    length_by_path . update ( length_by_edge )
    for k in range ( n ) :
        for i in range ( n ) :
            for j in range ( n ) :
                length_by_path [ ( i , j ) ] = min ( length_by_path [ ( i , j ) ] , ( length_by_path [ ( i , k ) ] + length_by_path [ ( k , j ) ] ) )
    return length_by_path
",N/A,0.001,0.023,0.000,0.000,1.507,0.067,1.606,0,1,N/A
question_23,0,0,wrong_1_001.py,success_wo_mut,1,1,"def next_palindrome ( digit_list ) :
    high_mid = ( len ( digit_list ) // 2 )
    low_mid = ( ( len ( digit_list ) - 1 ) // 2 )
    while ( ( high_mid < len ( digit_list ) ) and ( low_mid >= 0 ) ) :
        if ( digit_list [ high_mid ] == 9 ) :
            digit_list [ high_mid ] = 0
            digit_list [ low_mid ] = 0
            high_mid += 1
            low_mid -= 1
        else :
            digit_list [ high_mid ] += 1
            if ( low_mid != high_mid ) :
                digit_list [ low_mid ] += 1
            return digit_list
    return ( ( [ 1 ] + ( len ( digit_list ) * [ 0 ] ) ) + [ 1 ] )


","def next_palindrome ( digit_list ) :
    high_mid = ( len ( digit_list ) // 2 )
    low_mid = ( ( len ( digit_list ) - 1 ) // 2 )
    while ( ( high_mid < len ( digit_list ) ) and ( low_mid >= 0 ) ) :
        if ( digit_list [ high_mid ] == 9 ) :
            digit_list [ high_mid ] = 0
            digit_list [ low_mid ] = 0
            high_mid += 1
            low_mid -= 1
        else :
            digit_list [ high_mid ] += 1
            if ( low_mid != high_mid ) :
                digit_list [ low_mid ] += 1
            return digit_list
    return ( ( [ 1 ] + ( len ( digit_list ) * [ 0 ] ) ) + [ 1 ] )


","def next_palindrome ( digit_list ) :
    high_mid = ( len ( digit_list ) // 2 )
    low_mid = ( ( len ( digit_list ) - 1 ) // 2 )
    while ( ( high_mid < len ( digit_list ) ) and ( low_mid >= 0 ) ) :
        if ( digit_list [ high_mid ] == 9 ) :
            digit_list [ high_mid ] = 0
            digit_list [ low_mid ] = 0
            high_mid += 1
            low_mid -= 1
        else :
            digit_list [ high_mid ] += 1
            if ( low_mid != high_mid ) :
                digit_list [ low_mid ] += 1
            return digit_list
    return ( ( [ 1 ] + ( ( len ( digit_list ) - 1 ) * [ 0 ] ) ) + [ 1 ] )


",{'next_palindrome': 'reference.py'},{'next_palindrome': ''},"def next_palindrome ( digit_list ) :
    high_mid = ( len ( digit_list ) // 2 )
    low_mid = ( ( len ( digit_list ) - 1 ) // 2 )
    while ( ( high_mid < len ( digit_list ) ) and ( low_mid >= 0 ) ) :
        if ( digit_list [ high_mid ] == 9 ) :
            digit_list [ high_mid ] = 0
            digit_list [ low_mid ] = 0
            high_mid += 1
            low_mid -= 1
        else :
            digit_list [ high_mid ] += 1
            if ( low_mid != high_mid ) :
                digit_list [ low_mid ] += 1
            return digit_list
    return ( ( [ 1 ] + ( ( len ( digit_list ) - 1 ) * [ 0 ] ) ) + [ 1 ] )
",N/A,0.002,0.024,0.000,0.000,0.035,0.073,0.142,5,5,0.031
question_5,0,0,wrong_1_001.py,fail_other,1,1,"def detect_cycle ( node ) :
    hare = tortoise = node
    while True :
        if ( hare . successor is None ) :
            return False
        tortoise = tortoise . successor
        hare = hare . successor . successor
        if ( hare is tortoise ) :
            return True


","def detect_cycle ( node ) :
    hare = tortoise = node
    while True :
        if ( hare . successor is None ) :
            return False
        tortoise = tortoise . successor
        hare = hare . successor . successor
        if ( hare is tortoise ) :
            return True


","def detect_cycle ( node ) :
    hare = tortoise = node
    while True :
        if ( ( hare is None ) or ( hare . successor is None ) ) :
            return False
        tortoise = tortoise . successor
        hare = hare . successor . successor
        if ( hare is tortoise ) :
            return True


",{'detect_cycle': 'reference.py'},{'detect_cycle': ''},"def detect_cycle ( node ) :
    hare = tortoise = node
    while True :
        if ( ( hare is None ) or ( hare . successor is None ) ) :
            return False
        tortoise = tortoise . successor
        hare = hare . successor . successor
        if ( hare is tortoise ) :
            return True
",N/A,0.001,0.005,0.000,0.000,0.025,5.582,5.615,0,1,N/A
question_34,0,0,wrong_1_001.py,success_wo_mut,1,1,"def shunting_yard ( tokens ) :
    precedence = { '+' : 1 , '-' : 1 , '*' : 2 , '/' : 2 , }
    rpntokens = [ ]
    opstack = [ ]
    for token in tokens :
        if isinstance ( token , int ) :
            rpntokens . append ( token )
        else :
            while ( opstack and ( precedence [ token ] <= precedence [ opstack [ ( - 1 ) ] ] ) ) :
                rpntokens . append ( opstack . pop ( ) )
    while opstack :
        rpntokens . append ( opstack . pop ( ) )
    return rpntokens


","def shunting_yard ( tokens ) :
    precedence = { '+' : 1 , '-' : 1 , '*' : 2 , '/' : 2 , }
    rpntokens = [ ]
    opstack = [ ]
    for token in tokens :
        if isinstance ( token , int ) :
            rpntokens . append ( token )
        else :
            while ( opstack and ( precedence [ token ] <= precedence [ opstack [ ( - 1 ) ] ] ) ) :
                rpntokens . append ( opstack . pop ( ) )
    while opstack :
        rpntokens . append ( opstack . pop ( ) )
    return rpntokens


","def shunting_yard ( tokens ) :
    precedence = { '+' : 1 , '-' : 1 , '*' : 2 , '/' : 2 , }
    rpntokens = [ ]
    opstack = [ ]
    for token in tokens :
        if isinstance ( token , int ) :
            rpntokens . append ( token )
        else :
            while ( opstack and ( precedence [ token ] <= precedence [ opstack [ ( - 1 ) ] ] ) ) :
                rpntokens . append ( opstack . pop ( ) )
            opstack . append ( token )
    while opstack :
        rpntokens . append ( opstack . pop ( ) )
    return rpntokens


",{'shunting_yard': 'reference.py'},{'shunting_yard': ''},"def shunting_yard ( tokens ) :
    precedence = { '+' : 1 , '-' : 1 , '*' : 2 , '/' : 2 , }
    rpntokens = [ ]
    opstack = [ ]
    for token in tokens :
        if isinstance ( token , int ) :
            rpntokens . append ( token )
        else :
            while ( opstack and ( precedence [ token ] <= precedence [ opstack [ ( - 1 ) ] ] ) ) :
                rpntokens . append ( opstack . pop ( ) )
            opstack . append ( token )
    while opstack :
        rpntokens . append ( opstack . pop ( ) )
    return rpntokens
",N/A,0.002,0.017,0.000,0.000,0.203,0.025,0.259,6,6,0.074
question_16,0,0,wrong_1_001.py,fail_other,1,1,"def lcs_length ( s , t ) :
    dp = Counter ( )
    for i in range ( len ( s ) ) :
        for j in range ( len ( t ) ) :
            if ( s [ i ] == t [ j ] ) :
                dp [ ( i , j ) ] = ( dp [ ( ( i - 1 ) , j ) ] + 1 )
    return ( max ( dp . values ( ) ) if dp else 0 )


","def lcs_length ( s , t ) :
    dp = Counter ( )
    for i in range ( len ( s ) ) :
        for j in range ( len ( t ) ) :
            if ( s [ i ] == t [ j ] ) :
                dp [ ( i , j ) ] = ( dp [ ( ( i - 1 ) , j ) ] + 1 )
    return ( max ( dp . values ( ) ) if dp else 0 )


","def lcs_length ( s , t ) :
    dp = Counter ( )
    for i in range ( len ( s ) ) :
        for j in range ( len ( t ) ) :
            if ( s [ i ] == t [ j ] ) :
                dp [ ( i , j ) ] = ( dp [ ( ( i - 1 ) , ( j - 1 ) ) ] + 1 )
    return ( max ( dp . values ( ) ) if dp else 0 )


",{'lcs_length': 'reference.py'},{'lcs_length': ''},"def lcs_length ( s , t ) :
    dp = Counter ( )
    for i in range ( len ( s ) ) :
        for j in range ( len ( t ) ) :
            if ( s [ i ] == t [ j ] ) :
                dp [ ( i , j ) ] = ( dp [ ( ( i - 1 ) , ( j - 1 ) ) ] + 1 )
    return ( max ( dp . values ( ) ) if dp else 0 )
",N/A,0.001,0.015,0.000,0.000,0.016,0.073,0.116,0,9,N/A
question_8,0,0,wrong_1_001.py,fail_other,1,1,"def flatten ( arr ) :
    for x in arr :
        if isinstance ( x , list ) :
            for y in flatten ( x ) :
                ( yield y )
        else :
            ( yield flatten ( x ) )


","def flatten ( arr ) :
    for x in arr :
        if isinstance ( x , list ) :
            for y in flatten ( x ) :
                ( yield y )
        else :
            ( yield flatten ( x ) )


","def flatten ( arr ) :
    for x in arr :
        if isinstance ( x , list ) :
            for y in flatten ( x ) :
                ( yield y )
        else :
            ( yield x )


",{'flatten': 'reference.py'},{'flatten': ''},"def flatten ( arr ) :
    for x in arr :
        if isinstance ( x , list ) :
            for y in flatten ( x ) :
                ( yield y )
        else :
            ( yield x )
",N/A,0.001,0.004,0.000,0.000,0.017,0.029,0.057,0,7,N/A
question_7,0,0,wrong_1_001.py,fail_exception,1,1,"def find_in_sorted ( arr , x ) :
    def binsearch ( start , end ) :
        if ( start == end ) :
            return ( - 1 )
        mid = ( start + ( ( end - start ) // 2 ) )
        if ( x < arr [ mid ] ) :
            return binsearch ( start , mid )
        elif ( x > arr [ mid ] ) :
            return binsearch ( mid , end )
        else :
            return mid
    return binsearch ( 0 , len ( arr ) )


","def find_in_sorted ( arr , x ) :
    def binsearch ( start , end ) :
        if ( start == end ) :
            return ( - 1 )
        mid = ( start + ( ( end - start ) // 2 ) )
        if ( x < arr [ mid ] ) :
            return binsearch ( start , mid )
        elif ( x > arr [ mid ] ) :
            return binsearch ( mid , end )
        else :
            return mid
    return binsearch ( 0 , len ( arr ) )


","def find_in_sorted ( arr , x ) :
    def binsearch ( start , end ) :
        if ( start == end ) :
            return ( - 1 )
        mid = ( start + ( ( end - start ) // 2 ) )
        if ( x < arr [ mid ] ) :
            return binsearch ( start , mid )
        elif ( x > arr [ mid ] ) :
            return binsearch ( ( mid + 1 ) , end )
        else :
            return mid
    return binsearch ( 0 , len ( arr ) )


",{'find_in_sorted': 'reference.py'},{'find_in_sorted': ''},N/A,N/A,0.001,0.013,0.000,0.000,2.102,0.000,2.131,N/A,N/A,N/A
question_2,0,0,wrong_2_001.py,fail_other,1,1,"def breadth_first_search ( startnode , goalnode ) :
    queue = Queue ( )
    queue . append ( startnode )
    nodesseen = set ( )
    nodesseen . add ( startnode )
    while True :
        node = queue . popleft ( )
        if ( node is goalnode ) :
            return True
        else :
            queue . extend ( ( node for node in node . successors if ( node not in nodesseen ) ) )
            nodesseen . update ( node . successors )
    return False


","def breadth_first_search ( startnode , goalnode ) :
    queue = Queue ( )
    queue . append ( startnode )
    nodesseen = set ( )
    nodesseen . add ( startnode )
    while True :
        node = queue . popleft ( )
        if ( node is goalnode ) :
            return True
        else :
            queue . extend ( ( node for node in node . successors if ( node not in nodesseen ) ) )
            nodesseen . update ( node . successors )
    return False


","def breadth_first_search ( startnode , goalnode ) :
    queue = Queue ( )
    queue . append ( startnode )
    nodesseen = set ( )
    nodesseen . add ( startnode )
    while queue :
        node = queue . popleft ( )
        if ( node is goalnode ) :
            return True
        else :
            queue . extend ( ( node for node in node . successors if ( node not in nodesseen ) ) )
            nodesseen . update ( node . successors )
    return False


",{'breadth_first_search': 'reference.py'},{'breadth_first_search': ''},"def breadth_first_search ( startnode , goalnode ) :
    queue = Queue ( )
    queue . append ( startnode )
    nodesseen = set ( )
    nodesseen . add ( startnode )
    while queue :
        node = queue . popleft ( )
        if ( node is goalnode ) :
            return True
        else :
            queue . extend ( ( node for node in node . successors if ( node not in nodesseen ) ) )
            nodesseen . update ( node . successors )
    return False
",N/A,0.001,0.010,0.000,0.000,0.116,0.039,0.171,0,1,N/A
question_17,0,0,wrong_1_001.py,fail_other,1,1,"def levenshtein ( source , target ) :
    if ( ( source == '' ) or ( target == '' ) ) :
        return ( len ( source ) or len ( target ) )
    elif ( source [ 0 ] == target [ 0 ] ) :
        return ( 1 + levenshtein ( source [ 1 : ] , target [ 1 : ] ) )
    else :
        return ( 1 + min ( levenshtein ( source , target [ 1 : ] ) , levenshtein ( source [ 1 : ] , target [ 1 : ] ) , levenshtein ( source [ 1 : ] , target ) ) )


","def levenshtein ( source , target ) :
    if ( ( source == '' ) or ( target == '' ) ) :
        return ( len ( source ) or len ( target ) )
    elif ( source [ 0 ] == target [ 0 ] ) :
        return ( 1 + levenshtein ( source [ 1 : ] , target [ 1 : ] ) )
    else :
        return ( 1 + min ( levenshtein ( source , target [ 1 : ] ) , levenshtein ( source [ 1 : ] , target [ 1 : ] ) , levenshtein ( source [ 1 : ] , target ) ) )


","def levenshtein ( source , target ) :
    if ( ( source == '' ) or ( target == '' ) ) :
        return ( len ( source ) or len ( target ) )
    elif ( source [ 0 ] == target [ 0 ] ) :
        return levenshtein ( source [ 1 : ] , target [ 1 : ] )
    else :
        return ( 1 + min ( levenshtein ( source , target [ 1 : ] ) , levenshtein ( source [ 1 : ] , target [ 1 : ] ) , levenshtein ( source [ 1 : ] , target ) ) )


",{'levenshtein': 'reference.py'},{'levenshtein': ''},"def levenshtein ( source , target ) :
    if ( ( source == '' ) or ( target == '' ) ) :
        return ( len ( source ) or len ( target ) )
    elif ( source [ 0 ] == target [ 0 ] ) :
        return levenshtein ( source [ 1 : ] , target [ 1 : ] )
    else :
        return ( 1 + min ( levenshtein ( source , target [ 1 : ] ) , levenshtein ( source [ 1 : ] , target [ 1 : ] ) , levenshtein ( source [ 1 : ] , target ) ) )
",N/A,0.001,0.016,0.000,0.000,0.016,0.030,0.078,0,7,N/A
question_14,0,0,wrong_1_001.py,fail_other,1,1,"def knapsack ( capacity , items ) :
    memo = defaultdict ( int )
    for i in range ( 1 , ( len ( items ) + 1 ) ) :
        ( weight , value ) = items [ ( i - 1 ) ]
        for j in range ( 1 , ( capacity + 1 ) ) :
            memo [ ( i , j ) ] = memo [ ( ( i - 1 ) , j ) ]
            if ( weight < j ) :
                memo [ ( i , j ) ] = max ( memo [ ( i , j ) ] , ( value + memo [ ( ( i - 1 ) , ( j - weight ) ) ] ) )
    return memo [ ( len ( items ) , capacity ) ]


","def knapsack ( capacity , items ) :
    memo = defaultdict ( int )
    for i in range ( 1 , ( len ( items ) + 1 ) ) :
        ( weight , value ) = items [ ( i - 1 ) ]
        for j in range ( 1 , ( capacity + 1 ) ) :
            memo [ ( i , j ) ] = memo [ ( ( i - 1 ) , j ) ]
            if ( weight < j ) :
                memo [ ( i , j ) ] = max ( memo [ ( i , j ) ] , ( value + memo [ ( ( i - 1 ) , ( j - weight ) ) ] ) )
    return memo [ ( len ( items ) , capacity ) ]


","def knapsack ( capacity , items ) :
    memo = defaultdict ( int )
    for i in range ( 1 , ( len ( items ) + 1 ) ) :
        ( weight , value ) = items [ ( i - 1 ) ]
        for j in range ( 1 , ( capacity + 1 ) ) :
            memo [ ( i , j ) ] = memo [ ( ( i - 1 ) , j ) ]
            if ( weight <= j ) :
                memo [ ( i , j ) ] = max ( memo [ ( i , j ) ] , ( value + memo [ ( ( i - 1 ) , ( j - weight ) ) ] ) )
    return memo [ ( len ( items ) , capacity ) ]


",{'knapsack': 'reference.py'},{'knapsack': ''},"def knapsack ( capacity , items ) :
    memo = defaultdict ( int )
    for i in range ( 1 , ( len ( items ) + 1 ) ) :
        ( weight , value ) = items [ ( i - 1 ) ]
        for j in range ( 1 , ( capacity + 1 ) ) :
            memo [ ( i , j ) ] = memo [ ( ( i - 1 ) , j ) ]
            if ( weight <= j ) :
                memo [ ( i , j ) ] = max ( memo [ ( i , j ) ] , ( value + memo [ ( ( i - 1 ) , ( j - weight ) ) ] ) )
    return memo [ ( len ( items ) , capacity ) ]
",N/A,0.001,0.024,0.000,0.000,0.025,0.058,0.124,0,10,N/A
question_28,0,0,wrong_1_001.py,success_wo_mut,1,1,"def quicksort ( arr ) :
    if ( not arr ) :
        return [ ]
    pivot = arr [ 0 ]
    lesser = quicksort ( [ x for x in arr [ 1 : ] if ( x < pivot ) ] )
    greater = quicksort ( [ x for x in arr [ 1 : ] if ( x > pivot ) ] )
    return ( ( lesser + [ pivot ] ) + greater )


","def quicksort ( arr ) :
    if ( not arr ) :
        return [ ]
    pivot = arr [ 0 ]
    lesser = quicksort ( [ x for x in arr [ 1 : ] if ( x < pivot ) ] )
    greater = quicksort ( [ x for x in arr [ 1 : ] if ( x > pivot ) ] )
    return ( ( lesser + [ pivot ] ) + greater )


","def quicksort ( arr ) :
    if ( not arr ) :
        return [ ]
    pivot = arr [ 0 ]
    lesser = quicksort ( [ x for x in arr [ 1 : ] if ( x < pivot ) ] )
    greater = quicksort ( [ x for x in arr [ 1 : ] if ( x >= pivot ) ] )
    return ( ( lesser + [ pivot ] ) + greater )


",{'quicksort': 'reference.py'},{'quicksort': ''},"def quicksort ( arr ) :
    if ( not arr ) :
        return [ ]
    pivot = arr [ 0 ]
    lesser = quicksort ( [ x for x in arr [ 1 : ] if ( x < pivot ) ] )
    greater = quicksort ( [ x for x in arr [ 1 : ] if ( x >= pivot ) ] )
    return ( ( lesser + [ pivot ] ) + greater )
",N/A,0.001,0.009,0.000,0.000,0.270,0.099,0.388,13,13,0.018
question_36,0,0,wrong_1_001.py,fail_other,1,1,"def sqrt ( x , epsilon ) :
    approx = ( x / 2 )
    while ( abs ( ( x - approx ) ) > epsilon ) :
        approx = ( 0.5 * ( approx + ( x / approx ) ) )
    return approx


","def sqrt ( x , epsilon ) :
    approx = ( x / 2 )
    while ( abs ( ( x - approx ) ) > epsilon ) :
        approx = ( 0.5 * ( approx + ( x / approx ) ) )
    return approx


","def sqrt ( x , epsilon ) :
    approx = ( x / 2 )
    while ( abs ( ( x - ( approx ** 2 ) ) ) > epsilon ) :
        approx = ( 0.5 * ( approx + ( x / approx ) ) )
    return approx


",{'sqrt': 'reference.py'},{'sqrt': ''},"def sqrt ( x , epsilon ) :
    approx = ( x / 2 )
    while ( abs ( ( x - ( approx ** 2 ) ) ) > epsilon ) :
        approx = ( 0.5 * ( approx + ( x / approx ) ) )
    return approx
",N/A,0.001,0.004,0.000,0.000,11.359,20.975,32.345,4,7,N/A
question_38,0,0,wrong_1_001.py,fail_exception,1,1,"def to_base ( num , b ) :
    result = ''
    alphabet = ( string . digits + string . ascii_uppercase )
    while ( num > 0 ) :
        i = ( num % b )
        num = ( num // b )
        result = ( result + alphabet [ i ] )
    return result


","def to_base ( num , b ) :
    result = ''
    alphabet = ( string . digits + string . ascii_uppercase )
    while ( num > 0 ) :
        i = ( num % b )
        num = ( num // b )
        result = ( result + alphabet [ i ] )
    return result


","def to_base ( num , b ) :
    result = ''
    alphabet = ( string . digits + string . ascii_uppercase )
    while ( num > 0 ) :
        i = ( num % b )
        num = ( num // b )
        result = ( alphabet [ i ] + result )
    return result


",{'to_base': 'reference.py'},{'to_base': ''},N/A,N/A,0.001,0.004,0.000,0.000,0.000,0.000,0.028,N/A,N/A,N/A
question_30,0,0,wrong_1_001.py,fail_exception,1,1,"def rpn_eval ( tokens ) :
    def op ( symbol , a , b ) :
        return { '+' : ( lambda a , b : ( a + b ) ) , '-' : ( lambda a , b : ( a - b ) ) , '*' : ( lambda a , b : ( a * b ) ) , '/' : ( lambda a , b : ( a / b ) ) , } [ symbol ] ( a , b )
    stack = [ ]
    for token in tokens :
        if isinstance ( token , float ) :
            stack . append ( token )
        else :
            a = stack . pop ( )
            b = stack . pop ( )
            stack . append ( op ( token , a , b ) )
    return stack . pop ( )


","def rpn_eval ( tokens ) :
    def op ( symbol , a , b ) :
        return { '+' : ( lambda a , b : ( a + b ) ) , '-' : ( lambda a , b : ( a - b ) ) , '*' : ( lambda a , b : ( a * b ) ) , '/' : ( lambda a , b : ( a / b ) ) , } [ symbol ] ( a , b )
    stack = [ ]
    for token in tokens :
        if isinstance ( token , float ) :
            stack . append ( token )
        else :
            a = stack . pop ( )
            b = stack . pop ( )
            stack . append ( op ( token , a , b ) )
    return stack . pop ( )


","def rpn_eval ( tokens ) :
    def op ( symbol , a , b ) :
        return { '+' : ( lambda a , b : ( a + b ) ) , '-' : ( lambda a , b : ( a - b ) ) , '*' : ( lambda a , b : ( a * b ) ) , '/' : ( lambda a , b : ( a / b ) ) , } [ symbol ] ( a , b )
    stack = [ ]
    for token in tokens :
        if isinstance ( token , float ) :
            stack . append ( token )
        else :
            a = stack . pop ( )
            b = stack . pop ( )
            stack . append ( op ( token , b , a ) )
    return stack . pop ( )


",{'rpn_eval': 'reference.py'},{'rpn_eval': ''},N/A,N/A,0.002,0.032,0.000,0.000,0.186,0.000,0.235,N/A,N/A,N/A
question_29,0,0,wrong_1_001.py,fail_timeout,1,1,"def reverse_linked_list ( node ) :
    prevnode = None
    while node :
        nextnode = node . successor
        node . successor = prevnode
        node = nextnode
    return prevnode


","def reverse_linked_list ( node ) :
    prevnode = None
    while node :
        nextnode = node . successor
        node . successor = prevnode
        node = nextnode
    return prevnode


","def reverse_linked_list ( node ) :
    prevnode = None
    while node :
        nextnode = node . successor
        node . successor = prevnode
        prevnode = node
        node = nextnode
    return prevnode


",{'reverse_linked_list': 'reference.py'},{'reverse_linked_list': ''},"def reverse_linked_list ( node ) :
    prevnode = None
    while node :
        nextnode = node . successor
        node . successor = prevnode
        prevnode = node
        node = nextnode
    return prevnode
",N/A,0.001,0.003,0.000,0.000,0.015,59.999,60.019,0,1,N/A
question_10,0,0,wrong_1_001.py,success_wo_mut,1,1,"def get_factors ( n ) :
    if ( n == 1 ) :
        return [ ]
    for i in range ( 2 , ( int ( ( n ** 0.5 ) ) + 1 ) ) :
        if ( ( n % i ) == 0 ) :
            return ( [ i ] + get_factors ( ( n // i ) ) )
    return [ ]


","def get_factors ( n ) :
    if ( n == 1 ) :
        return [ ]
    for i in range ( 2 , ( int ( ( n ** 0.5 ) ) + 1 ) ) :
        if ( ( n % i ) == 0 ) :
            return ( [ i ] + get_factors ( ( n // i ) ) )
    return [ ]


","def get_factors ( n ) :
    if ( n == 1 ) :
        return [ ]
    for i in range ( 2 , ( int ( ( n ** 0.5 ) ) + 1 ) ) :
        if ( ( n % i ) == 0 ) :
            return ( [ i ] + get_factors ( ( n // i ) ) )
    return [ n ]


",{'get_factors': 'reference.py'},{'get_factors': ''},"def get_factors ( n ) :
    if ( n == 1 ) :
        return [ ]
    for i in range ( 2 , ( int ( ( n ** 0.5 ) ) + 1 ) ) :
        if ( ( n % i ) == 0 ) :
            return ( [ i ] + get_factors ( ( n // i ) ) )
    return [ n ]
",N/A,0.001,0.008,0.000,0.000,0.027,0.066,0.108,11,11,0.022
question_35,0,0,wrong_1_001.py,success_wo_mut,1,1,"def sieve ( max ) :
    primes = [ ]
    for n in range ( 2 , ( max + 1 ) ) :
        if any ( ( ( ( n % p ) > 0 ) for p in primes ) ) :
            primes . append ( n )
    return primes


","def sieve ( max ) :
    primes = [ ]
    for n in range ( 2 , ( max + 1 ) ) :
        if any ( ( ( ( n % p ) > 0 ) for p in primes ) ) :
            primes . append ( n )
    return primes


","def sieve ( max ) :
    primes = [ ]
    for n in range ( 2 , ( max + 1 ) ) :
        if all ( ( ( ( n % p ) > 0 ) for p in primes ) ) :
            primes . append ( n )
    return primes


",{'sieve': 'reference.py'},{'sieve': ''},"def sieve ( max ) :
    primes = [ ]
    for n in range ( 2 , ( max + 1 ) ) :
        if all ( ( ( ( n % p ) > 0 ) for p in primes ) ) :
            primes . append ( n )
    return primes
",N/A,0.001,0.006,0.000,0.000,0.070,0.096,0.179,6,6,0.027
question_26,0,0,wrong_1_001.py,success_wo_mut,1,1,"def possible_change ( coins , total ) :
    if ( total == 0 ) :
        return 1
    if ( total < 0 ) :
        return 0
    ( first , * rest ) = coins
    return ( possible_change ( coins , ( total - first ) ) + possible_change ( rest , total ) )


","def possible_change ( coins , total ) :
    if ( total == 0 ) :
        return 1
    if ( total < 0 ) :
        return 0
    ( first , * rest ) = coins
    return ( possible_change ( coins , ( total - first ) ) + possible_change ( rest , total ) )


","def possible_change ( coins , total ) :
    if ( total == 0 ) :
        return 1
    if ( ( total < 0 ) or ( not coins ) ) :
        return 0
    ( first , * rest ) = coins
    return ( possible_change ( coins , ( total - first ) ) + possible_change ( rest , total ) )


",{'possible_change': 'reference.py'},{'possible_change': ''},"def possible_change ( coins , total ) :
    if ( total == 0 ) :
        return 1
    if ( ( total < 0 ) or ( not coins ) ) :
        return 0
    ( first , * rest ) = coins
    return ( possible_change ( coins , ( total - first ) ) + possible_change ( rest , total ) )
",N/A,0.001,0.006,0.000,0.000,7.940,3.503,14.842,10,10,0.128
question_31,0,0,wrong_1_001.py,fail_other,1,1,"def shortest_path_length ( length_by_edge , startnode , goalnode ) :
    unvisited_nodes = [ ]
    heappush ( unvisited_nodes , ( 0 , startnode ) )
    visited_nodes = set ( )
    while ( len ( unvisited_nodes ) > 0 ) :
        ( distance , node ) = heappop ( unvisited_nodes )
        if ( node is goalnode ) :
            return distance
        visited_nodes . add ( node )
        for nextnode in node . successors :
            if ( nextnode in visited_nodes ) :
                continue
            insert_or_update ( unvisited_nodes , ( min ( ( get ( unvisited_nodes , nextnode ) or float ( 'inf' ) ) , ( get ( unvisited_nodes , nextnode ) + length_by_edge [ ( node , nextnode ) ] ) ) , nextnode ) )
    return float ( 'inf' )
def get ( node_heap , wanted_node ) :
    for ( dist , node ) in node_heap :
        if ( node == wanted_node ) :
            return dist
    return 0
def insert_or_update ( node_heap , dist_node ) :
    ( dist , node ) = dist_node
    for ( i , tpl ) in enumerate ( node_heap ) :
        ( a , b ) = tpl
        if ( b == node ) :
            node_heap [ i ] = dist_node
            return None
    heappush ( node_heap , dist_node )
    return None


","def shortest_path_length ( length_by_edge , startnode , goalnode ) :
    unvisited_nodes = [ ]
    heappush ( unvisited_nodes , ( 0 , startnode ) )
    visited_nodes = set ( )
    while ( len ( unvisited_nodes ) > 0 ) :
        ( distance , node ) = heappop ( unvisited_nodes )
        if ( node is goalnode ) :
            return distance
        visited_nodes . add ( node )
        for nextnode in node . successors :
            if ( nextnode in visited_nodes ) :
                continue
            insert_or_update ( unvisited_nodes , ( min ( ( get ( unvisited_nodes , nextnode ) or float ( 'inf' ) ) , ( get ( unvisited_nodes , nextnode ) + length_by_edge [ ( node , nextnode ) ] ) ) , nextnode ) )
    return float ( 'inf' )
def get ( node_heap , wanted_node ) :
    for ( dist , node ) in node_heap :
        if ( node == wanted_node ) :
            return dist
    return 0
def insert_or_update ( node_heap , dist_node ) :
    ( dist , node ) = dist_node
    for ( i , tpl ) in enumerate ( node_heap ) :
        ( a , b ) = tpl
        if ( b == node ) :
            node_heap [ i ] = dist_node
            return None
    heappush ( node_heap , dist_node )
    return None


","def shortest_path_length ( length_by_edge , startnode , goalnode ) :
    unvisited_nodes = [ ]
    heappush ( unvisited_nodes , ( 0 , startnode ) )
    visited_nodes = set ( )
    while ( len ( unvisited_nodes ) > 0 ) :
        ( distance , node ) = heappop ( unvisited_nodes )
        if ( node is goalnode ) :
            return distance
        visited_nodes . add ( node )
        for nextnode in node . successors :
            if ( nextnode in visited_nodes ) :
                continue
            insert_or_update ( unvisited_nodes , ( min ( ( get ( unvisited_nodes , nextnode ) or float ( 'inf' ) ) , ( distance + length_by_edge [ ( node , nextnode ) ] ) ) , nextnode ) )
    return float ( 'inf' )




def get ( node_heap , wanted_node ) :
    for ( dist , node ) in node_heap :
        if ( node == wanted_node ) :
            return dist
    return 0




def insert_or_update ( node_heap , dist_node ) :
    ( dist , node ) = dist_node
    for ( i , tpl ) in enumerate ( node_heap ) :
        ( a , b ) = tpl
        if ( b == node ) :
            node_heap [ i ] = dist_node
            return None
    heappush ( node_heap , dist_node )
    return None


","{'shortest_path_length': 'reference.py', 'get': 'reference.py', 'insert_or_update': 'reference.py'}","{'shortest_path_length': '', 'get': '', 'insert_or_update': ''}","def shortest_path_length ( length_by_edge , startnode , goalnode ) :
    unvisited_nodes = [ ]
    heappush ( unvisited_nodes , ( 0 , startnode ) )
    visited_nodes = set ( )
    while ( len ( unvisited_nodes ) > 0 ) :
        ( distance , node ) = heappop ( unvisited_nodes )
        if ( node is goalnode ) :
            return distance
        visited_nodes . add ( node )
        for nextnode in node . successors :
            if ( nextnode in visited_nodes ) :
                continue
            insert_or_update ( unvisited_nodes , ( min ( ( get ( unvisited_nodes , nextnode ) or float ( 'inf' ) ) , ( distance + length_by_edge [ ( node , nextnode ) ] ) ) , nextnode ) )
    return float ( 'inf' )


def get ( node_heap , wanted_node ) :
    for ( dist , node ) in node_heap :
        if ( node == wanted_node ) :
            return dist
    return 0


def insert_or_update ( node_heap , dist_node ) :
    ( dist , node ) = dist_node
    for ( i , tpl ) in enumerate ( node_heap ) :
        ( a , b ) = tpl
        if ( b == node ) :
            node_heap [ i ] = dist_node
            return None
    heappush ( node_heap , dist_node )
    return None
",N/A,0.005,0.036,0.000,0.000,0.309,0.054,0.420,0,1,N/A
question_21,0,0,wrong_1_001.py,fail_exception,1,1,"def mergesort ( arr ) :
    def merge ( left , right ) :
        result = [ ]
        i = 0
        j = 0
        while ( ( i < len ( left ) ) and ( j < len ( right ) ) ) :
            if ( left [ i ] <= right [ j ] ) :
                result . append ( left [ i ] )
                i += 1
            else :
                result . append ( right [ j ] )
                j += 1
        result . extend ( ( left [ i : ] or right [ j : ] ) )
        return result
    if ( len ( arr ) == 0 ) :
        return arr
    else :
        middle = ( len ( arr ) // 2 )
        left = mergesort ( arr [ : middle ] )
        right = mergesort ( arr [ middle : ] )
        return merge ( left , right )


","def mergesort ( arr ) :
    def merge ( left , right ) :
        result = [ ]
        i = 0
        j = 0
        while ( ( i < len ( left ) ) and ( j < len ( right ) ) ) :
            if ( left [ i ] <= right [ j ] ) :
                result . append ( left [ i ] )
                i += 1
            else :
                result . append ( right [ j ] )
                j += 1
        result . extend ( ( left [ i : ] or right [ j : ] ) )
        return result
    if ( len ( arr ) == 0 ) :
        return arr
    else :
        middle = ( len ( arr ) // 2 )
        left = mergesort ( arr [ : middle ] )
        right = mergesort ( arr [ middle : ] )
        return merge ( left , right )


","def mergesort ( arr ) :
    def merge ( left , right ) :
        result = [ ]
        i = 0
        j = 0
        while ( ( i < len ( left ) ) and ( j < len ( right ) ) ) :
            if ( left [ i ] <= right [ j ] ) :
                result . append ( left [ i ] )
                i += 1
            else :
                result . append ( right [ j ] )
                j += 1
        result . extend ( ( left [ i : ] or right [ j : ] ) )
        return result
    if ( len ( arr ) <= 1 ) :
        return arr
    else :
        middle = ( len ( arr ) // 2 )
        left = mergesort ( arr [ : middle ] )
        right = mergesort ( arr [ middle : ] )
        return merge ( left , right )


",{'mergesort': 'reference.py'},{'mergesort': ''},N/A,N/A,0.002,0.037,0.000,0.000,12.386,0.000,12.451,N/A,N/A,N/A
question_25,0,0,wrong_1_001.py,success_wo_mut,1,1,"def pascal ( n ) :
    rows = [ [ 1 ] ]
    for r in range ( 1 , n ) :
        row = [ ]
        for c in range ( 0 , r ) :
            upleft = ( rows [ ( r - 1 ) ] [ ( c - 1 ) ] if ( c > 0 ) else 0 )
            upright = ( rows [ ( r - 1 ) ] [ c ] if ( c < r ) else 0 )
            row . append ( ( upleft + upright ) )
        rows . append ( row )
    return rows


","def pascal ( n ) :
    rows = [ [ 1 ] ]
    for r in range ( 1 , n ) :
        row = [ ]
        for c in range ( 0 , r ) :
            upleft = ( rows [ ( r - 1 ) ] [ ( c - 1 ) ] if ( c > 0 ) else 0 )
            upright = ( rows [ ( r - 1 ) ] [ c ] if ( c < r ) else 0 )
            row . append ( ( upleft + upright ) )
        rows . append ( row )
    return rows


","def pascal ( n ) :
    rows = [ [ 1 ] ]
    for r in range ( 1 , n ) :
        row = [ ]
        for c in range ( 0 , ( r + 1 ) ) :
            upleft = ( rows [ ( r - 1 ) ] [ ( c - 1 ) ] if ( c > 0 ) else 0 )
            upright = ( rows [ ( r - 1 ) ] [ c ] if ( c < r ) else 0 )
            row . append ( ( upleft + upright ) )
        rows . append ( row )
    return rows


",{'pascal': 'reference.py'},{'pascal': ''},"def pascal ( n ) :
    rows = [ [ 1 ] ]
    for r in range ( 1 , n ) :
        row = [ ]
        for c in range ( 0 , ( r + 1 ) ) :
            upleft = ( rows [ ( r - 1 ) ] [ ( c - 1 ) ] if ( c > 0 ) else 0 )
            upright = ( rows [ ( r - 1 ) ] [ c ] if ( c < r ) else 0 )
            row . append ( ( upleft + upright ) )
        rows . append ( row )
    return rows
",N/A,0.002,0.018,0.000,0.000,0.341,0.011,0.378,5,5,0.041
question_20,0,0,wrong_1_001.py,success_wo_mut,1,1,"def max_sublist_sum ( arr ) :
    max_ending_here = 0
    max_so_far = 0
    for x in arr :
        max_ending_here = ( max_ending_here + x )
        max_so_far = max ( max_so_far , max_ending_here )
    return max_so_far


","def max_sublist_sum ( arr ) :
    max_ending_here = 0
    max_so_far = 0
    for x in arr :
        max_ending_here = ( max_ending_here + x )
        max_so_far = max ( max_so_far , max_ending_here )
    return max_so_far


","def max_sublist_sum ( arr ) :
    max_ending_here = 0
    max_so_far = 0
    for x in arr :
        max_ending_here = max ( 0 , ( max_ending_here + x ) )
        max_so_far = max ( max_so_far , max_ending_here )
    return max_so_far


",{'max_sublist_sum': 'reference.py'},{'max_sublist_sum': ''},"def max_sublist_sum ( arr ) :
    max_ending_here = 0
    max_so_far = 0
    for x in arr :
        max_ending_here = max ( 0 , ( max_ending_here + x ) )
        max_so_far = max ( max_so_far , max_ending_here )
    return max_so_far
",N/A,0.000,0.005,0.000,0.000,0.086,0.204,0.300,6,6,0.111
question_27,0,0,wrong_1_001.py,success_wo_mut,1,1,"def powerset ( arr ) :
    if arr :
        ( first , * rest ) = arr
        rest_subsets = powerset ( rest )
        return [ ( [ first ] + subset ) for subset in rest_subsets ]
    else :
        return [ [ ] ]


","def powerset ( arr ) :
    if arr :
        ( first , * rest ) = arr
        rest_subsets = powerset ( rest )
        return [ ( [ first ] + subset ) for subset in rest_subsets ]
    else :
        return [ [ ] ]


","def powerset ( arr ) :
    if arr :
        ( first , * rest ) = arr
        rest_subsets = powerset ( rest )
        return ( rest_subsets + [ ( [ first ] + subset ) for subset in rest_subsets ] )
    else :
        return [ [ ] ]


",{'powerset': 'reference.py'},{'powerset': ''},"def powerset ( arr ) :
    if arr :
        ( first , * rest ) = arr
        rest_subsets = powerset ( rest )
        return ( rest_subsets + [ ( [ first ] + subset ) for subset in rest_subsets ] )
    else :
        return [ [ ] ]
",N/A,0.001,0.007,0.000,0.000,0.028,0.070,0.113,5,5,0.100
question_19,0,0,wrong_1_001.py,fail_other,1,1,"def longest_common_subsequence ( a , b ) :
    if ( ( not a ) or ( not b ) ) :
        return ''
    elif ( a [ 0 ] == b [ 0 ] ) :
        return ( a [ 0 ] + longest_common_subsequence ( a [ 1 : ] , b ) )
    else :
        return max ( longest_common_subsequence ( a , b [ 1 : ] ) , longest_common_subsequence ( a [ 1 : ] , b ) , key = len )


","def longest_common_subsequence ( a , b ) :
    if ( ( not a ) or ( not b ) ) :
        return ''
    elif ( a [ 0 ] == b [ 0 ] ) :
        return ( a [ 0 ] + longest_common_subsequence ( a [ 1 : ] , b ) )
    else :
        return max ( longest_common_subsequence ( a , b [ 1 : ] ) , longest_common_subsequence ( a [ 1 : ] , b ) , key = len )


","def longest_common_subsequence ( a , b ) :
    if ( ( not a ) or ( not b ) ) :
        return ''
    elif ( a [ 0 ] == b [ 0 ] ) :
        return ( a [ 0 ] + longest_common_subsequence ( a [ 1 : ] , b [ 1 : ] ) )
    else :
        return max ( longest_common_subsequence ( a , b [ 1 : ] ) , longest_common_subsequence ( a [ 1 : ] , b ) , key = len )


",{'longest_common_subsequence': 'reference.py'},{'longest_common_subsequence': ''},"def longest_common_subsequence ( a , b ) :
    if ( ( not a ) or ( not b ) ) :
        return ''
    elif ( a [ 0 ] == b [ 0 ] ) :
        return ( a [ 0 ] + longest_common_subsequence ( a [ 1 : ] , b [ 1 : ] ) )
    else :
        return max ( longest_common_subsequence ( a , b [ 1 : ] ) , longest_common_subsequence ( a [ 1 : ] , b ) , key = len )
",N/A,0.001,0.011,0.000,0.000,0.008,0.033,0.059,0,10,N/A
question_1,0,0,wrong_1_001.py,success_wo_mut,1,1,"def bitcount ( n ) :
    count = 0
    while n :
        n ^= ( n - 1 )
        count += 1
    return count


","def bitcount ( n ) :
    count = 0
    while n :
        n ^= ( n - 1 )
        count += 1
    return count


","def bitcount ( n ) :
    count = 0
    while n :
        n &= ( n - 1 )
        count += 1
    return count


",{'bitcount': 'reference.py'},{'bitcount': ''},"def bitcount ( n ) :
    count = 0
    while n :
        n &= ( n - 1 )
        count += 1
    return count
",N/A,0.000,0.002,0.000,0.000,11.636,47.170,58.814,9,9,0.045
