Question,Sampling Rate,Experiment ID,File Name,Status,Match (Rfty Code),Match (Ori Code),Buggy Code,Buggy Mutation,Refactored Correct Code,Original Correct File Name,Rule ID,Repair,Stru. Matching Time,Online Refactoring Time,GCR Time,Stru. Mutation Time,Block Mapping Time,Variable Mapping Time,Specification&Synthesis Time,Total Time,#Passed Test Case,#Test Case,RPS
question_13,0,0,wrong_1_001.py,fail_other,1,1,"def kheapsort ( arr , k ) :
    heap = arr [ : k ]
    heapq . heapify ( heap )
    for x in arr :
        ( yield heapq . heappushpop ( heap , x ) )
    while heap :
        ( yield heapq . heappop ( heap ) )


","def kheapsort ( arr , k ) :
    heap = arr [ : k ]
    heapq . heapify ( heap )
    for x in arr :
        ( yield heapq . heappushpop ( heap , x ) )
    while heap :
        ( yield heapq . heappop ( heap ) )


","def kheapsort ( arr , k ) :
    heap = arr [ : k ]
    heapq . heapify ( heap )
    for x in arr [ k : ] :
        ( yield heapq . heappushpop ( heap , x ) )
    while heap :
        ( yield heapq . heappop ( heap ) )


",{'kheapsort': 'reference.py'},{'kheapsort': ''},"def kheapsort ( arr , k ) :
    heap = arr [ : k ]
    heapq . heapify ( heap )
    for x in arr [ k : ] :
        ( yield heapq . heappushpop ( heap , x ) )
    while heap :
        ( yield heapq . heappop ( heap ) )
",N/A,0.001,0.005,0.000,0.000,0.004,0.006,0.023,0,4,N/A
