Question,Sampling Rate,Experiment ID,File Name,Status,Match (Rfty Code),Match (Ori Code),Buggy Code,Buggy Mutation,Refactored Correct Code,Original Correct File Name,Rule ID,Repair,Stru. Matching Time,Online Refactoring Time,GCR Time,Stru. Mutation Time,Block Mapping Time,Variable Mapping Time,Specification&Synthesis Time,Total Time,#Passed Test Case,#Test Case,RPS
question_19,0,0,wrong_1_001.py,fail_other,1,1,"def longest_common_subsequence ( a , b ) :
    if ( ( not a ) or ( not b ) ) :
        return ''
    elif ( a [ 0 ] == b [ 0 ] ) :
        return ( a [ 0 ] + longest_common_subsequence ( a [ 1 : ] , b ) )
    else :
        return max ( longest_common_subsequence ( a , b [ 1 : ] ) , longest_common_subsequence ( a [ 1 : ] , b ) , key = len )


","def longest_common_subsequence ( a , b ) :
    if ( ( not a ) or ( not b ) ) :
        return ''
    elif ( a [ 0 ] == b [ 0 ] ) :
        return ( a [ 0 ] + longest_common_subsequence ( a [ 1 : ] , b ) )
    else :
        return max ( longest_common_subsequence ( a , b [ 1 : ] ) , longest_common_subsequence ( a [ 1 : ] , b ) , key = len )


","def longest_common_subsequence ( a , b ) :
    if ( ( not a ) or ( not b ) ) :
        return ''
    elif ( a [ 0 ] == b [ 0 ] ) :
        return ( a [ 0 ] + longest_common_subsequence ( a [ 1 : ] , b [ 1 : ] ) )
    else :
        return max ( longest_common_subsequence ( a , b [ 1 : ] ) , longest_common_subsequence ( a [ 1 : ] , b ) , key = len )


",{'longest_common_subsequence': 'reference.py'},{'longest_common_subsequence': ''},"def longest_common_subsequence ( a , b ) :
    if ( ( not a ) or ( not b ) ) :
        return ''
    elif ( a [ 0 ] == b [ 0 ] ) :
        return ( a [ 0 ] + longest_common_subsequence ( a [ 1 : ] , b [ 1 : ] ) )
    else :
        return max ( longest_common_subsequence ( a , b [ 1 : ] ) , longest_common_subsequence ( a [ 1 : ] , b ) , key = len )
",N/A,0.001,0.011,0.000,0.000,0.008,0.033,0.059,0,10,N/A
