Question,Sampling Rate,Experiment ID,File Name,Status,Match (Rfty Code),Match (Ori Code),Buggy Code,Buggy Mutation,Refactored Correct Code,Original Correct File Name,Rule ID,Repair,Stru. Matching Time,Online Refactoring Time,GCR Time,Stru. Mutation Time,Block Mapping Time,Variable Mapping Time,Specification&Synthesis Time,Total Time,#Passed Test Case,#Test Case,RPS
question_11,0,0,wrong_1_001.py,fail_other,1,1,"def hanoi ( height , start = 1 , end = 3 ) :
    steps = [ ]
    if ( height > 0 ) :
        helper = ( ( { 1 , 2 , 3 } - { start } ) - { end } ) . pop ( )
        steps . extend ( hanoi ( ( height - 1 ) , start , helper ) )
        steps . append ( ( start , helper ) )
        steps . extend ( hanoi ( ( height - 1 ) , helper , end ) )
    return steps


","def hanoi ( height , start = 1 , end = 3 ) :
    steps = [ ]
    if ( height > 0 ) :
        helper = ( ( { 1 , 2 , 3 } - { start } ) - { end } ) . pop ( )
        steps . extend ( hanoi ( ( height - 1 ) , start , helper ) )
        steps . append ( ( start , helper ) )
        steps . extend ( hanoi ( ( height - 1 ) , helper , end ) )
    return steps


","def hanoi ( height , start = 1 , end = 3 ) :
    steps = [ ]
    if ( height > 0 ) :
        helper = ( ( { 1 , 2 , 3 } - { start } ) - { end } ) . pop ( )
        steps . extend ( hanoi ( ( height - 1 ) , start , helper ) )
        steps . append ( ( start , end ) )
        steps . extend ( hanoi ( ( height - 1 ) , helper , end ) )
    return steps


",{'hanoi': 'reference.py'},{'hanoi': ''},"def hanoi ( height , start = 1 , end = 3 ) :
    steps = [ ]
    if ( height > 0 ) :
        helper = ( ( { 1 , 2 , 3 } - { start } ) - { end } ) . pop ( )
        steps . extend ( hanoi ( ( height - 1 ) , start , helper ) )
        steps . append ( ( start , end ) )
        steps . extend ( hanoi ( ( height - 1 ) , helper , end ) )
    return steps
",N/A,0.001,0.016,0.000,0.000,0.288,0.065,0.377,1,8,N/A
