Question,Sampling Rate,Experiment ID,File Name,Status,Match (Rfty Code),Match (Ori Code),Buggy Code,Buggy Mutation,Refactored Correct Code,Original Correct File Name,Rule ID,Repair,Stru. Matching Time,Online Refactoring Time,GCR Time,Stru. Mutation Time,Block Mapping Time,Variable Mapping Time,Specification&Synthesis Time,Total Time,#Passed Test Case,#Test Case,RPS
question_28,0,0,wrong_1_001.py,success_wo_mut,1,1,"def quicksort ( arr ) :
    if ( not arr ) :
        return [ ]
    pivot = arr [ 0 ]
    lesser = quicksort ( [ x for x in arr [ 1 : ] if ( x < pivot ) ] )
    greater = quicksort ( [ x for x in arr [ 1 : ] if ( x > pivot ) ] )
    return ( ( lesser + [ pivot ] ) + greater )


","def quicksort ( arr ) :
    if ( not arr ) :
        return [ ]
    pivot = arr [ 0 ]
    lesser = quicksort ( [ x for x in arr [ 1 : ] if ( x < pivot ) ] )
    greater = quicksort ( [ x for x in arr [ 1 : ] if ( x > pivot ) ] )
    return ( ( lesser + [ pivot ] ) + greater )


","def quicksort ( arr ) :
    if ( not arr ) :
        return [ ]
    pivot = arr [ 0 ]
    lesser = quicksort ( [ x for x in arr [ 1 : ] if ( x < pivot ) ] )
    greater = quicksort ( [ x for x in arr [ 1 : ] if ( x >= pivot ) ] )
    return ( ( lesser + [ pivot ] ) + greater )


",{'quicksort': 'reference.py'},{'quicksort': ''},"def quicksort ( arr ) :
    if ( not arr ) :
        return [ ]
    pivot = arr [ 0 ]
    lesser = quicksort ( [ x for x in arr [ 1 : ] if ( x < pivot ) ] )
    greater = quicksort ( [ x for x in arr [ 1 : ] if ( x >= pivot ) ] )
    return ( ( lesser + [ pivot ] ) + greater )
",N/A,0.001,0.009,0.000,0.000,0.270,0.099,0.388,13,13,0.018
