Question,Sampling Rate,Experiment ID,File Name,Status,Match (Rfty Code),Match (Ori Code),Buggy Code,Buggy Mutation,Refactored Correct Code,Original Correct File Name,Rule ID,Repair,Stru. Matching Time,Online Refactoring Time,GCR Time,Stru. Mutation Time,Block Mapping Time,Variable Mapping Time,Specification&Synthesis Time,Total Time,#Passed Test Case,#Test Case,RPS
question_1,0,0,wrong_1_001.py,success_wo_mut,1,1,"def bitcount ( n ) :
    count = 0
    while n :
        n ^= ( n - 1 )
        count += 1
    return count


","def bitcount ( n ) :
    count = 0
    while n :
        n ^= ( n - 1 )
        count += 1
    return count


","def bitcount ( n ) :
    count = 0
    while n :
        n &= ( n - 1 )
        count += 1
    return count


",{'bitcount': 'reference.py'},{'bitcount': ''},"def bitcount ( n ) :
    count = 0
    while n :
        n &= ( n - 1 )
        count += 1
    return count
",N/A,0.000,0.002,0.000,0.000,11.636,47.170,58.814,9,9,0.045
