Question,Sampling Rate,Experiment ID,File Name,Status,Match (Rfty Code),Match (Ori Code),Buggy Code,Buggy Mutation,Refactored Correct Code,Original Correct File Name,Rule ID,Repair,Stru. Matching Time,Online Refactoring Time,GCR Time,Stru. Mutation Time,Block Mapping Time,Variable Mapping Time,Specification&Synthesis Time,Total Time,#Passed Test Case,#Test Case,RPS
question_4,0,0,wrong_1_001.py,fail_exception,1,1,"def depth_first_search ( startnode , goalnode ) :
    nodesvisited = set ( )
    def search_from ( node ) :
        if ( node in nodesvisited ) :
            return False
        elif ( node is goalnode ) :
            return True
        else :
            return any ( ( search_from ( nextnode ) for nextnode in node . successors ) )
    return search_from ( startnode )


","def depth_first_search ( startnode , goalnode ) :
    nodesvisited = set ( )
    def search_from ( node ) :
        if ( node in nodesvisited ) :
            return False
        elif ( node is goalnode ) :
            return True
        else :
            return any ( ( search_from ( nextnode ) for nextnode in node . successors ) )
    return search_from ( startnode )


","def depth_first_search ( startnode , goalnode ) :
    nodesvisited = set ( )
    def search_from ( node ) :
        if ( node in nodesvisited ) :
            return False
        elif ( node is goalnode ) :
            return True
        else :
            nodesvisited . add ( node )
            return any ( ( search_from ( nextnode ) for nextnode in node . successors ) )
    return search_from ( startnode )


",{'depth_first_search': 'reference.py'},{'depth_first_search': ''},N/A,N/A,0.003,0.009,0.000,0.000,0.409,0.000,0.432,N/A,N/A,N/A
