Question,Sampling Rate,Experiment ID,File Name,Status,Match (Rfty Code),Match (Ori Code),Buggy Code,Buggy Mutation,Refactored Correct Code,Original Correct File Name,Rule ID,Repair,Stru. Matching Time,Online Refactoring Time,GCR Time,Stru. Mutation Time,Block Mapping Time,Variable Mapping Time,Specification&Synthesis Time,Total Time,#Passed Test Case,#Test Case,RPS
question_16,0,0,wrong_1_001.py,fail_other,1,1,"def lcs_length ( s , t ) :
    dp = Counter ( )
    for i in range ( len ( s ) ) :
        for j in range ( len ( t ) ) :
            if ( s [ i ] == t [ j ] ) :
                dp [ ( i , j ) ] = ( dp [ ( ( i - 1 ) , j ) ] + 1 )
    return ( max ( dp . values ( ) ) if dp else 0 )


","def lcs_length ( s , t ) :
    dp = Counter ( )
    for i in range ( len ( s ) ) :
        for j in range ( len ( t ) ) :
            if ( s [ i ] == t [ j ] ) :
                dp [ ( i , j ) ] = ( dp [ ( ( i - 1 ) , j ) ] + 1 )
    return ( max ( dp . values ( ) ) if dp else 0 )


","def lcs_length ( s , t ) :
    dp = Counter ( )
    for i in range ( len ( s ) ) :
        for j in range ( len ( t ) ) :
            if ( s [ i ] == t [ j ] ) :
                dp [ ( i , j ) ] = ( dp [ ( ( i - 1 ) , ( j - 1 ) ) ] + 1 )
    return ( max ( dp . values ( ) ) if dp else 0 )


",{'lcs_length': 'reference.py'},{'lcs_length': ''},"def lcs_length ( s , t ) :
    dp = Counter ( )
    for i in range ( len ( s ) ) :
        for j in range ( len ( t ) ) :
            if ( s [ i ] == t [ j ] ) :
                dp [ ( i , j ) ] = ( dp [ ( ( i - 1 ) , ( j - 1 ) ) ] + 1 )
    return ( max ( dp . values ( ) ) if dp else 0 )
",N/A,0.001,0.015,0.000,0.000,0.016,0.073,0.116,0,9,N/A
