Question,Sampling Rate,Experiment ID,File Name,Status,Match (Rfty Code),Match (Ori Code),Buggy Code,Buggy Mutation,Refactored Correct Code,Original Correct File Name,Rule ID,Repair,Stru. Matching Time,Online Refactoring Time,GCR Time,Stru. Mutation Time,Block Mapping Time,Variable Mapping Time,Specification&Synthesis Time,Total Time,#Passed Test Case,#Test Case,RPS
question_35,0,0,wrong_1_001.py,success_wo_mut,1,1,"def sieve ( max ) :
    primes = [ ]
    for n in range ( 2 , ( max + 1 ) ) :
        if any ( ( ( ( n % p ) > 0 ) for p in primes ) ) :
            primes . append ( n )
    return primes


","def sieve ( max ) :
    primes = [ ]
    for n in range ( 2 , ( max + 1 ) ) :
        if any ( ( ( ( n % p ) > 0 ) for p in primes ) ) :
            primes . append ( n )
    return primes


","def sieve ( max ) :
    primes = [ ]
    for n in range ( 2 , ( max + 1 ) ) :
        if all ( ( ( ( n % p ) > 0 ) for p in primes ) ) :
            primes . append ( n )
    return primes


",{'sieve': 'reference.py'},{'sieve': ''},"def sieve ( max ) :
    primes = [ ]
    for n in range ( 2 , ( max + 1 ) ) :
        if all ( ( ( ( n % p ) > 0 ) for p in primes ) ) :
            primes . append ( n )
    return primes
",N/A,0.001,0.006,0.000,0.000,0.070,0.096,0.179,6,6,0.027
