Question,Sampling Rate,Experiment ID,File Name,Status,Match (Rfty Code),Match (Ori Code),Buggy Code,Buggy Mutation,Refactored Correct Code,Original Correct File Name,Rule ID,Repair,Stru. Matching Time,Online Refactoring Time,GCR Time,Stru. Mutation Time,Block Mapping Time,Variable Mapping Time,Specification&Synthesis Time,Total Time,#Passed Test Case,#Test Case,RPS
question_32,0,0,wrong_1_001.py,fail_other,1,1,"def shortest_path_lengths ( n , length_by_edge ) :
    length_by_path = defaultdict ( ( lambda : float ( 'inf' ) ) )
    length_by_path . update ( { ( i , i ) : 0 for i in range ( n ) } )
    length_by_path . update ( length_by_edge )
    for k in range ( n ) :
        for i in range ( n ) :
            for j in range ( n ) :
                length_by_path [ ( i , j ) ] = min ( length_by_path [ ( i , j ) ] , ( length_by_path [ ( i , k ) ] + length_by_path [ ( j , k ) ] ) )
    return length_by_path


","def shortest_path_lengths ( n , length_by_edge ) :
    length_by_path = defaultdict ( ( lambda : float ( 'inf' ) ) )
    length_by_path . update ( { ( i , i ) : 0 for i in range ( n ) } )
    length_by_path . update ( length_by_edge )
    for k in range ( n ) :
        for i in range ( n ) :
            for j in range ( n ) :
                length_by_path [ ( i , j ) ] = min ( length_by_path [ ( i , j ) ] , ( length_by_path [ ( i , k ) ] + length_by_path [ ( j , k ) ] ) )
    return length_by_path


","def shortest_path_lengths ( n , length_by_edge ) :
    length_by_path = defaultdict ( ( lambda : float ( 'inf' ) ) )
    length_by_path . update ( { ( i , i ) : 0 for i in range ( n ) } )
    length_by_path . update ( length_by_edge )
    for k in range ( n ) :
        for i in range ( n ) :
            for j in range ( n ) :
                length_by_path [ ( i , j ) ] = min ( length_by_path [ ( i , j ) ] , ( length_by_path [ ( i , k ) ] + length_by_path [ ( k , j ) ] ) )
    return length_by_path


",{'shortest_path_lengths': 'reference.py'},{'shortest_path_lengths': ''},"def shortest_path_lengths ( n , length_by_edge ) :
    length_by_path = defaultdict ( ( lambda : float ( 'inf' ) ) )
    length_by_path . update ( { ( i , i ) : 0 for i in range ( n ) } )
    length_by_path . update ( length_by_edge )
    for k in range ( n ) :
        for i in range ( n ) :
            for j in range ( n ) :
                length_by_path [ ( i , j ) ] = min ( length_by_path [ ( i , j ) ] , ( length_by_path [ ( i , k ) ] + length_by_path [ ( k , j ) ] ) )
    return length_by_path
",N/A,0.001,0.023,0.000,0.000,1.507,0.067,1.606,0,1,N/A
