Question,Sampling Rate,Experiment ID,File Name,Status,Match (Rfty Code),Match (Ori Code),Buggy Code,Buggy Mutation,Refactored Correct Code,Original Correct File Name,Rule ID,Repair,Stru. Matching Time,Online Refactoring Time,GCR Time,Stru. Mutation Time,Block Mapping Time,Variable Mapping Time,Specification&Synthesis Time,Total Time,#Passed Test Case,#Test Case,RPS
question_34,0,0,wrong_1_001.py,success_wo_mut,1,1,"def shunting_yard ( tokens ) :
    precedence = { '+' : 1 , '-' : 1 , '*' : 2 , '/' : 2 , }
    rpntokens = [ ]
    opstack = [ ]
    for token in tokens :
        if isinstance ( token , int ) :
            rpntokens . append ( token )
        else :
            while ( opstack and ( precedence [ token ] <= precedence [ opstack [ ( - 1 ) ] ] ) ) :
                rpntokens . append ( opstack . pop ( ) )
    while opstack :
        rpntokens . append ( opstack . pop ( ) )
    return rpntokens


","def shunting_yard ( tokens ) :
    precedence = { '+' : 1 , '-' : 1 , '*' : 2 , '/' : 2 , }
    rpntokens = [ ]
    opstack = [ ]
    for token in tokens :
        if isinstance ( token , int ) :
            rpntokens . append ( token )
        else :
            while ( opstack and ( precedence [ token ] <= precedence [ opstack [ ( - 1 ) ] ] ) ) :
                rpntokens . append ( opstack . pop ( ) )
    while opstack :
        rpntokens . append ( opstack . pop ( ) )
    return rpntokens


","def shunting_yard ( tokens ) :
    precedence = { '+' : 1 , '-' : 1 , '*' : 2 , '/' : 2 , }
    rpntokens = [ ]
    opstack = [ ]
    for token in tokens :
        if isinstance ( token , int ) :
            rpntokens . append ( token )
        else :
            while ( opstack and ( precedence [ token ] <= precedence [ opstack [ ( - 1 ) ] ] ) ) :
                rpntokens . append ( opstack . pop ( ) )
            opstack . append ( token )
    while opstack :
        rpntokens . append ( opstack . pop ( ) )
    return rpntokens


",{'shunting_yard': 'reference.py'},{'shunting_yard': ''},"def shunting_yard ( tokens ) :
    precedence = { '+' : 1 , '-' : 1 , '*' : 2 , '/' : 2 , }
    rpntokens = [ ]
    opstack = [ ]
    for token in tokens :
        if isinstance ( token , int ) :
            rpntokens . append ( token )
        else :
            while ( opstack and ( precedence [ token ] <= precedence [ opstack [ ( - 1 ) ] ] ) ) :
                rpntokens . append ( opstack . pop ( ) )
            opstack . append ( token )
    while opstack :
        rpntokens . append ( opstack . pop ( ) )
    return rpntokens
",N/A,0.002,0.017,0.000,0.000,0.203,0.025,0.259,6,6,0.074
