Question,Sampling Rate,Experiment ID,File Name,Status,Match (Rfty Code),Match (Ori Code),Buggy Code,Buggy Mutation,Refactored Correct Code,Original Correct File Name,Rule ID,Repair,Stru. Matching Time,Online Refactoring Time,GCR Time,Stru. Mutation Time,Block Mapping Time,Variable Mapping Time,Specification&Synthesis Time,Total Time,#Passed Test Case,#Test Case,RPS
question_20,0,0,wrong_1_001.py,success_wo_mut,1,1,"def max_sublist_sum ( arr ) :
    max_ending_here = 0
    max_so_far = 0
    for x in arr :
        max_ending_here = ( max_ending_here + x )
        max_so_far = max ( max_so_far , max_ending_here )
    return max_so_far


","def max_sublist_sum ( arr ) :
    max_ending_here = 0
    max_so_far = 0
    for x in arr :
        max_ending_here = ( max_ending_here + x )
        max_so_far = max ( max_so_far , max_ending_here )
    return max_so_far


","def max_sublist_sum ( arr ) :
    max_ending_here = 0
    max_so_far = 0
    for x in arr :
        max_ending_here = max ( 0 , ( max_ending_here + x ) )
        max_so_far = max ( max_so_far , max_ending_here )
    return max_so_far


",{'max_sublist_sum': 'reference.py'},{'max_sublist_sum': ''},"def max_sublist_sum ( arr ) :
    max_ending_here = 0
    max_so_far = 0
    for x in arr :
        max_ending_here = max ( 0 , ( max_ending_here + x ) )
        max_so_far = max ( max_so_far , max_ending_here )
    return max_so_far
",N/A,0.000,0.005,0.000,0.000,0.086,0.204,0.300,6,6,0.111
