Question,Sampling Rate,Experiment ID,File Name,Status,Match (Rfty Code),Match (Ori Code),Buggy Code,Buggy Mutation,Refactored Correct Code,Original Correct File Name,Rule ID,Repair,Stru. Matching Time,Online Refactoring Time,GCR Time,Stru. Mutation Time,Block Mapping Time,Variable Mapping Time,Specification&Synthesis Time,Total Time,#Passed Test Case,#Test Case,RPS
question_18,0,0,wrong_1_001.py,success_wo_mut,1,1,"def lis ( arr ) :
    ends = { }
    longest = 0
    for ( i , val ) in enumerate ( arr ) :
        prefix_lengths = [ j for j in range ( 1 , ( longest + 1 ) ) if ( arr [ ends [ j ] ] < val ) ]
        length = ( max ( prefix_lengths ) if prefix_lengths else 0 )
        if ( ( length == longest ) or ( val < arr [ ends [ ( length + 1 ) ] ] ) ) :
            ends [ ( length + 1 ) ] = i
            longest = ( length + 1 )
    return longest


","def lis ( arr ) :
    ends = { }
    longest = 0
    for ( i , val ) in enumerate ( arr ) :
        prefix_lengths = [ j for j in range ( 1 , ( longest + 1 ) ) if ( arr [ ends [ j ] ] < val ) ]
        length = ( max ( prefix_lengths ) if prefix_lengths else 0 )
        if ( ( length == longest ) or ( val < arr [ ends [ ( length + 1 ) ] ] ) ) :
            ends [ ( length + 1 ) ] = i
            longest = ( length + 1 )
    return longest


","def lis ( arr ) :
    ends = { }
    longest = 0
    for ( i , val ) in enumerate ( arr ) :
        prefix_lengths = [ j for j in range ( 1 , ( longest + 1 ) ) if ( arr [ ends [ j ] ] < val ) ]
        length = ( max ( prefix_lengths ) if prefix_lengths else 0 )
        if ( ( length == longest ) or ( val < arr [ ends [ ( length + 1 ) ] ] ) ) :
            ends [ ( length + 1 ) ] = i
            longest = max ( longest , ( length + 1 ) )
    return longest


",{'lis': 'reference.py'},{'lis': ''},"def lis ( arr ) :
    ends = { }
    longest = 0
    for ( i , val ) in enumerate ( arr ) :
        prefix_lengths = [ j for j in range ( 1 , ( longest + 1 ) ) if ( arr [ ends [ j ] ] < val ) ]
        length = ( max ( prefix_lengths ) if prefix_lengths else 0 )
        if ( ( length == longest ) or ( val < arr [ ends [ ( length + 1 ) ] ] ) ) :
            ends [ ( length + 1 ) ] = i
            longest = max ( longest , ( length + 1 ) )
    return longest
",N/A,0.001,0.016,0.000,0.000,0.706,0.203,0.940,12,12,0.037
