Question,Sampling Rate,Experiment ID,File Name,Status,Match (Rfty Code),Match (Ori Code),Buggy Code,Buggy Mutation,Refactored Correct Code,Original Correct File Name,Rule ID,Repair,Stru. Matching Time,Online Refactoring Time,GCR Time,Stru. Mutation Time,Block Mapping Time,Variable Mapping Time,Specification&Synthesis Time,Total Time,#Passed Test Case,#Test Case,RPS
question_9,0,0,wrong_1_001.py,success_wo_mut,1,1,"def gcd ( a , b ) :
    if ( b == 0 ) :
        return a
    else :
        return gcd ( ( a % b ) , b )


","def gcd ( a , b ) :
    if ( b == 0 ) :
        return a
    else :
        return gcd ( ( a % b ) , b )


","def gcd ( a , b ) :
    if ( b == 0 ) :
        return a
    else :
        return gcd ( b , ( a % b ) )


",{'gcd': 'reference.py'},{'gcd': ''},"def gcd ( a , b ) :
    if ( b == 0 ) :
        return a
    else :
        return gcd ( b , ( a % b ) )
",N/A,0.000,0.003,0.000,0.000,0.584,0.671,1.261,6,6,0.100
