Question,Sampling Rate,Experiment ID,File Name,Status,Match (Rfty Code),Match (Ori Code),Buggy Code,Buggy Mutation,Refactored Correct Code,Original Correct File Name,Rule ID,Repair,Stru. Matching Time,Online Refactoring Time,GCR Time,Stru. Mutation Time,Block Mapping Time,Variable Mapping Time,Specification&Synthesis Time,Total Time,#Passed Test Case,#Test Case,RPS
question_17,0,0,wrong_1_001.py,fail_other,1,1,"def levenshtein ( source , target ) :
    if ( ( source == '' ) or ( target == '' ) ) :
        return ( len ( source ) or len ( target ) )
    elif ( source [ 0 ] == target [ 0 ] ) :
        return ( 1 + levenshtein ( source [ 1 : ] , target [ 1 : ] ) )
    else :
        return ( 1 + min ( levenshtein ( source , target [ 1 : ] ) , levenshtein ( source [ 1 : ] , target [ 1 : ] ) , levenshtein ( source [ 1 : ] , target ) ) )


","def levenshtein ( source , target ) :
    if ( ( source == '' ) or ( target == '' ) ) :
        return ( len ( source ) or len ( target ) )
    elif ( source [ 0 ] == target [ 0 ] ) :
        return ( 1 + levenshtein ( source [ 1 : ] , target [ 1 : ] ) )
    else :
        return ( 1 + min ( levenshtein ( source , target [ 1 : ] ) , levenshtein ( source [ 1 : ] , target [ 1 : ] ) , levenshtein ( source [ 1 : ] , target ) ) )


","def levenshtein ( source , target ) :
    if ( ( source == '' ) or ( target == '' ) ) :
        return ( len ( source ) or len ( target ) )
    elif ( source [ 0 ] == target [ 0 ] ) :
        return levenshtein ( source [ 1 : ] , target [ 1 : ] )
    else :
        return ( 1 + min ( levenshtein ( source , target [ 1 : ] ) , levenshtein ( source [ 1 : ] , target [ 1 : ] ) , levenshtein ( source [ 1 : ] , target ) ) )


",{'levenshtein': 'reference.py'},{'levenshtein': ''},"def levenshtein ( source , target ) :
    if ( ( source == '' ) or ( target == '' ) ) :
        return ( len ( source ) or len ( target ) )
    elif ( source [ 0 ] == target [ 0 ] ) :
        return levenshtein ( source [ 1 : ] , target [ 1 : ] )
    else :
        return ( 1 + min ( levenshtein ( source , target [ 1 : ] ) , levenshtein ( source [ 1 : ] , target [ 1 : ] ) , levenshtein ( source [ 1 : ] , target ) ) )
",N/A,0.001,0.016,0.000,0.000,0.016,0.030,0.078,0,7,N/A
