Question,Sampling Rate,Experiment ID,File Name,Status,Match (Rfty Code),Match (Ori Code),Buggy Code,Buggy Mutation,Refactored Correct Code,Original Correct File Name,Rule ID,Repair,Stru. Matching Time,Online Refactoring Time,GCR Time,Stru. Mutation Time,Block Mapping Time,Variable Mapping Time,Specification&Synthesis Time,Total Time,#Passed Test Case,#Test Case,RPS
question_25,0,0,wrong_1_001.py,success_wo_mut,1,1,"def pascal ( n ) :
    rows = [ [ 1 ] ]
    for r in range ( 1 , n ) :
        row = [ ]
        for c in range ( 0 , r ) :
            upleft = ( rows [ ( r - 1 ) ] [ ( c - 1 ) ] if ( c > 0 ) else 0 )
            upright = ( rows [ ( r - 1 ) ] [ c ] if ( c < r ) else 0 )
            row . append ( ( upleft + upright ) )
        rows . append ( row )
    return rows


","def pascal ( n ) :
    rows = [ [ 1 ] ]
    for r in range ( 1 , n ) :
        row = [ ]
        for c in range ( 0 , r ) :
            upleft = ( rows [ ( r - 1 ) ] [ ( c - 1 ) ] if ( c > 0 ) else 0 )
            upright = ( rows [ ( r - 1 ) ] [ c ] if ( c < r ) else 0 )
            row . append ( ( upleft + upright ) )
        rows . append ( row )
    return rows


","def pascal ( n ) :
    rows = [ [ 1 ] ]
    for r in range ( 1 , n ) :
        row = [ ]
        for c in range ( 0 , ( r + 1 ) ) :
            upleft = ( rows [ ( r - 1 ) ] [ ( c - 1 ) ] if ( c > 0 ) else 0 )
            upright = ( rows [ ( r - 1 ) ] [ c ] if ( c < r ) else 0 )
            row . append ( ( upleft + upright ) )
        rows . append ( row )
    return rows


",{'pascal': 'reference.py'},{'pascal': ''},"def pascal ( n ) :
    rows = [ [ 1 ] ]
    for r in range ( 1 , n ) :
        row = [ ]
        for c in range ( 0 , ( r + 1 ) ) :
            upleft = ( rows [ ( r - 1 ) ] [ ( c - 1 ) ] if ( c > 0 ) else 0 )
            upright = ( rows [ ( r - 1 ) ] [ c ] if ( c < r ) else 0 )
            row . append ( ( upleft + upright ) )
        rows . append ( row )
    return rows
",N/A,0.002,0.018,0.000,0.000,0.341,0.011,0.378,5,5,0.041
