Question,Sampling Rate,Experiment ID,File Name,Status,Match (Rfty Code),Match (Ori Code),Buggy Code,Buggy Mutation,Refactored Correct Code,Original Correct File Name,Rule ID,Repair,Stru. Matching Time,Online Refactoring Time,GCR Time,Stru. Mutation Time,Block Mapping Time,Variable Mapping Time,Specification&Synthesis Time,Total Time,#Passed Test Case,#Test Case,RPS
question_8,0,0,wrong_1_001.py,fail_other,1,1,"def flatten ( arr ) :
    for x in arr :
        if isinstance ( x , list ) :
            for y in flatten ( x ) :
                ( yield y )
        else :
            ( yield flatten ( x ) )


","def flatten ( arr ) :
    for x in arr :
        if isinstance ( x , list ) :
            for y in flatten ( x ) :
                ( yield y )
        else :
            ( yield flatten ( x ) )


","def flatten ( arr ) :
    for x in arr :
        if isinstance ( x , list ) :
            for y in flatten ( x ) :
                ( yield y )
        else :
            ( yield x )


",{'flatten': 'reference.py'},{'flatten': ''},"def flatten ( arr ) :
    for x in arr :
        if isinstance ( x , list ) :
            for y in flatten ( x ) :
                ( yield y )
        else :
            ( yield x )
",N/A,0.001,0.004,0.000,0.000,0.017,0.029,0.057,0,7,N/A
