Question,Sampling Rate,Experiment ID,File Name,Status,Match (Rfty Code),Match (Ori Code),Buggy Code,Buggy Mutation,Refactored Correct Code,Original Correct File Name,Rule ID,Repair,Stru. Matching Time,Online Refactoring Time,GCR Time,Stru. Mutation Time,Block Mapping Time,Variable Mapping Time,Specification&Synthesis Time,Total Time,#Passed Test Case,#Test Case,RPS
question_5,0,0,wrong_1_001.py,fail_other,1,1,"def detect_cycle ( node ) :
    hare = tortoise = node
    while True :
        if ( hare . successor is None ) :
            return False
        tortoise = tortoise . successor
        hare = hare . successor . successor
        if ( hare is tortoise ) :
            return True


","def detect_cycle ( node ) :
    hare = tortoise = node
    while True :
        if ( hare . successor is None ) :
            return False
        tortoise = tortoise . successor
        hare = hare . successor . successor
        if ( hare is tortoise ) :
            return True


","def detect_cycle ( node ) :
    hare = tortoise = node
    while True :
        if ( ( hare is None ) or ( hare . successor is None ) ) :
            return False
        tortoise = tortoise . successor
        hare = hare . successor . successor
        if ( hare is tortoise ) :
            return True


",{'detect_cycle': 'reference.py'},{'detect_cycle': ''},"def detect_cycle ( node ) :
    hare = tortoise = node
    while True :
        if ( ( hare is None ) or ( hare . successor is None ) ) :
            return False
        tortoise = tortoise . successor
        hare = hare . successor . successor
        if ( hare is tortoise ) :
            return True
",N/A,0.001,0.005,0.000,0.000,0.025,5.582,5.615,0,1,N/A
