Question,Sampling Rate,Experiment ID,File Name,Status,Match (Rfty Code),Match (Ori Code),Buggy Code,Buggy Mutation,Refactored Correct Code,Original Correct File Name,Rule ID,Repair,Stru. Matching Time,Online Refactoring Time,GCR Time,Stru. Mutation Time,Block Mapping Time,Variable Mapping Time,Specification&Synthesis Time,Total Time,#Passed Test Case,#Test Case,RPS
question_14,0,0,wrong_1_001.py,fail_other,1,1,"def knapsack ( capacity , items ) :
    memo = defaultdict ( int )
    for i in range ( 1 , ( len ( items ) + 1 ) ) :
        ( weight , value ) = items [ ( i - 1 ) ]
        for j in range ( 1 , ( capacity + 1 ) ) :
            memo [ ( i , j ) ] = memo [ ( ( i - 1 ) , j ) ]
            if ( weight < j ) :
                memo [ ( i , j ) ] = max ( memo [ ( i , j ) ] , ( value + memo [ ( ( i - 1 ) , ( j - weight ) ) ] ) )
    return memo [ ( len ( items ) , capacity ) ]


","def knapsack ( capacity , items ) :
    memo = defaultdict ( int )
    for i in range ( 1 , ( len ( items ) + 1 ) ) :
        ( weight , value ) = items [ ( i - 1 ) ]
        for j in range ( 1 , ( capacity + 1 ) ) :
            memo [ ( i , j ) ] = memo [ ( ( i - 1 ) , j ) ]
            if ( weight < j ) :
                memo [ ( i , j ) ] = max ( memo [ ( i , j ) ] , ( value + memo [ ( ( i - 1 ) , ( j - weight ) ) ] ) )
    return memo [ ( len ( items ) , capacity ) ]


","def knapsack ( capacity , items ) :
    memo = defaultdict ( int )
    for i in range ( 1 , ( len ( items ) + 1 ) ) :
        ( weight , value ) = items [ ( i - 1 ) ]
        for j in range ( 1 , ( capacity + 1 ) ) :
            memo [ ( i , j ) ] = memo [ ( ( i - 1 ) , j ) ]
            if ( weight <= j ) :
                memo [ ( i , j ) ] = max ( memo [ ( i , j ) ] , ( value + memo [ ( ( i - 1 ) , ( j - weight ) ) ] ) )
    return memo [ ( len ( items ) , capacity ) ]


",{'knapsack': 'reference.py'},{'knapsack': ''},"def knapsack ( capacity , items ) :
    memo = defaultdict ( int )
    for i in range ( 1 , ( len ( items ) + 1 ) ) :
        ( weight , value ) = items [ ( i - 1 ) ]
        for j in range ( 1 , ( capacity + 1 ) ) :
            memo [ ( i , j ) ] = memo [ ( ( i - 1 ) , j ) ]
            if ( weight <= j ) :
                memo [ ( i , j ) ] = max ( memo [ ( i , j ) ] , ( value + memo [ ( ( i - 1 ) , ( j - weight ) ) ] ) )
    return memo [ ( len ( items ) , capacity ) ]
",N/A,0.001,0.024,0.000,0.000,0.025,0.058,0.124,0,10,N/A
