Question,Sampling Rate,Experiment ID,File Name,Status,Match (Rfty Code),Match (Ori Code),Buggy Code,Buggy Mutation,Refactored Correct Code,Original Correct File Name,Rule ID,Repair,Stru. Matching Time,Online Refactoring Time,GCR Time,Stru. Mutation Time,Block Mapping Time,Variable Mapping Time,Specification&Synthesis Time,Total Time,#Passed Test Case,#Test Case,RPS
question_24,0,0,wrong_1_001.py,success_wo_mut,1,1,"def next_permutation ( perm ) :
    for i in range ( ( len ( perm ) - 2 ) , ( - 1 ) , ( - 1 ) ) :
        if ( perm [ i ] < perm [ ( i + 1 ) ] ) :
            for j in range ( ( len ( perm ) - 1 ) , i , ( - 1 ) ) :
                if ( perm [ j ] < perm [ i ] ) :
                    next_perm = list ( perm )
                    ( next_perm [ i ] , next_perm [ j ] ) = ( perm [ j ] , perm [ i ] )
                    next_perm [ ( i + 1 ) : ] = reversed ( next_perm [ ( i + 1 ) : ] )
                    return next_perm


","def next_permutation ( perm ) :
    for i in range ( ( len ( perm ) - 2 ) , ( - 1 ) , ( - 1 ) ) :
        if ( perm [ i ] < perm [ ( i + 1 ) ] ) :
            for j in range ( ( len ( perm ) - 1 ) , i , ( - 1 ) ) :
                if ( perm [ j ] < perm [ i ] ) :
                    next_perm = list ( perm )
                    ( next_perm [ i ] , next_perm [ j ] ) = ( perm [ j ] , perm [ i ] )
                    next_perm [ ( i + 1 ) : ] = reversed ( next_perm [ ( i + 1 ) : ] )
                    return next_perm


","def next_permutation ( perm ) :
    for i in range ( ( len ( perm ) - 2 ) , ( - 1 ) , ( - 1 ) ) :
        if ( perm [ i ] < perm [ ( i + 1 ) ] ) :
            for j in range ( ( len ( perm ) - 1 ) , i , ( - 1 ) ) :
                if ( perm [ i ] < perm [ j ] ) :
                    next_perm = list ( perm )
                    ( next_perm [ i ] , next_perm [ j ] ) = ( perm [ j ] , perm [ i ] )
                    next_perm [ ( i + 1 ) : ] = reversed ( next_perm [ ( i + 1 ) : ] )
                    return next_perm


",{'next_permutation': 'reference.py'},{'next_permutation': ''},"def next_permutation ( perm ) :
    for i in range ( ( len ( perm ) - 2 ) , ( - 1 ) , ( - 1 ) ) :
        if ( perm [ i ] < perm [ ( i + 1 ) ] ) :
            for j in range ( ( len ( perm ) - 1 ) , i , ( - 1 ) ) :
                if ( perm [ i ] < perm [ j ] ) :
                    next_perm = list ( perm )
                    ( next_perm [ i ] , next_perm [ j ] ) = ( perm [ j ] , perm [ i ] )
                    next_perm [ ( i + 1 ) : ] = reversed ( next_perm [ ( i + 1 ) : ] )
                    return next_perm
",N/A,0.005,0.025,0.000,0.000,0.080,0.118,0.242,8,8,0.021
