Question,Sampling Rate,Experiment ID,File Name,Status,Match (Rfty Code),Match (Ori Code),Buggy Code,Buggy Mutation,Refactored Correct Code,Original Correct File Name,Rule ID,Repair,Stru. Matching Time,Online Refactoring Time,GCR Time,Stru. Mutation Time,Block Mapping Time,Variable Mapping Time,Specification&Synthesis Time,Total Time,#Passed Test Case,#Test Case,RPS
question_22,0,0,wrong_1_001.py,fail_other,1,1,"def minimum_spanning_tree ( weight_by_edge ) :
    group_by_node = { }
    mst_edges = set ( )
    for edge in sorted ( weight_by_edge , key = weight_by_edge . __getitem__ ) :
        ( u , v ) = edge
        if ( group_by_node . setdefault ( u , { u } ) != group_by_node . setdefault ( v , { v } ) ) :
            mst_edges . add ( edge )
            group_by_node [ u ] . update ( group_by_node [ v ] )
            for node in group_by_node [ v ] :
                group_by_node [ node ] . update ( group_by_node [ u ] )
    return mst_edges


","def minimum_spanning_tree ( weight_by_edge ) :
    group_by_node = { }
    mst_edges = set ( )
    for edge in sorted ( weight_by_edge , key = weight_by_edge . __getitem__ ) :
        ( u , v ) = edge
        if ( group_by_node . setdefault ( u , { u } ) != group_by_node . setdefault ( v , { v } ) ) :
            mst_edges . add ( edge )
            group_by_node [ u ] . update ( group_by_node [ v ] )
            for node in group_by_node [ v ] :
                group_by_node [ node ] . update ( group_by_node [ u ] )
    return mst_edges


","def minimum_spanning_tree ( weight_by_edge ) :
    group_by_node = { }
    mst_edges = set ( )
    for edge in sorted ( weight_by_edge , key = weight_by_edge . __getitem__ ) :
        ( u , v ) = edge
        if ( group_by_node . setdefault ( u , { u } ) != group_by_node . setdefault ( v , { v } ) ) :
            mst_edges . add ( edge )
            group_by_node [ u ] . update ( group_by_node [ v ] )
            for node in group_by_node [ v ] :
                group_by_node [ node ] = group_by_node [ u ]
    return mst_edges


",{'minimum_spanning_tree': 'reference.py'},{'minimum_spanning_tree': ''},"def minimum_spanning_tree ( weight_by_edge ) :
    group_by_node = { }
    mst_edges = set ( )
    for edge in sorted ( weight_by_edge , key = weight_by_edge . __getitem__ ) :
        ( u , v ) = edge
        if ( group_by_node . setdefault ( u , { u } ) != group_by_node . setdefault ( v , { v } ) ) :
            mst_edges . add ( edge )
            group_by_node [ u ] . update ( group_by_node [ v ] )
            for node in group_by_node [ v ] :
                group_by_node [ node ] = group_by_node [ u ]
    return mst_edges
",N/A,0.001,0.014,0.000,0.000,0.147,0.075,0.241,0,1,N/A
