Question,Sampling Rate,Experiment ID,File Name,Status,Match (Rfty Code),Match (Ori Code),Buggy Code,Buggy Mutation,Refactored Correct Code,Original Correct File Name,Rule ID,Repair,Stru. Matching Time,Online Refactoring Time,GCR Time,Stru. Mutation Time,Block Mapping Time,Variable Mapping Time,Specification&Synthesis Time,Total Time,#Passed Test Case,#Test Case,RPS
question_26,0,0,wrong_1_001.py,success_wo_mut,1,1,"def possible_change ( coins , total ) :
    if ( total == 0 ) :
        return 1
    if ( total < 0 ) :
        return 0
    ( first , * rest ) = coins
    return ( possible_change ( coins , ( total - first ) ) + possible_change ( rest , total ) )


","def possible_change ( coins , total ) :
    if ( total == 0 ) :
        return 1
    if ( total < 0 ) :
        return 0
    ( first , * rest ) = coins
    return ( possible_change ( coins , ( total - first ) ) + possible_change ( rest , total ) )


","def possible_change ( coins , total ) :
    if ( total == 0 ) :
        return 1
    if ( ( total < 0 ) or ( not coins ) ) :
        return 0
    ( first , * rest ) = coins
    return ( possible_change ( coins , ( total - first ) ) + possible_change ( rest , total ) )


",{'possible_change': 'reference.py'},{'possible_change': ''},"def possible_change ( coins , total ) :
    if ( total == 0 ) :
        return 1
    if ( ( total < 0 ) or ( not coins ) ) :
        return 0
    ( first , * rest ) = coins
    return ( possible_change ( coins , ( total - first ) ) + possible_change ( rest , total ) )
",N/A,0.001,0.006,0.000,0.000,7.940,3.503,14.842,10,10,0.128
