Question,Sampling Rate,Experiment ID,File Name,Status,Match (Rfty Code),Match (Ori Code),Buggy Code,Buggy Mutation,Refactored Correct Code,Original Correct File Name,Rule ID,Repair,Stru. Matching Time,Online Refactoring Time,GCR Time,Stru. Mutation Time,Block Mapping Time,Variable Mapping Time,Specification&Synthesis Time,Total Time,#Passed Test Case,#Test Case,RPS
question_29,0,0,wrong_1_001.py,fail_timeout,1,1,"def reverse_linked_list ( node ) :
    prevnode = None
    while node :
        nextnode = node . successor
        node . successor = prevnode
        node = nextnode
    return prevnode


","def reverse_linked_list ( node ) :
    prevnode = None
    while node :
        nextnode = node . successor
        node . successor = prevnode
        node = nextnode
    return prevnode


","def reverse_linked_list ( node ) :
    prevnode = None
    while node :
        nextnode = node . successor
        node . successor = prevnode
        prevnode = node
        node = nextnode
    return prevnode


",{'reverse_linked_list': 'reference.py'},{'reverse_linked_list': ''},"def reverse_linked_list ( node ) :
    prevnode = None
    while node :
        nextnode = node . successor
        node . successor = prevnode
        prevnode = node
        node = nextnode
    return prevnode
",N/A,0.001,0.003,0.000,0.000,0.015,59.999,60.019,0,1,N/A
