Question,Sampling Rate,Experiment ID,File Name,Status,Match (Rfty Code),Match (Ori Code),Buggy Code,Buggy Mutation,Refactored Correct Code,Original Correct File Name,Rule ID,Repair,Stru. Matching Time,Online Refactoring Time,GCR Time,Stru. Mutation Time,Block Mapping Time,Variable Mapping Time,Specification&Synthesis Time,Total Time,#Passed Test Case,#Test Case,RPS
question_37,0,0,wrong_1_001.py,success_wo_mut,1,1,"def subsequences ( a , b , k ) :
    if ( k == 0 ) :
        return [ ]
    ret = [ ]
    for i in range ( a , ( ( b + 1 ) - k ) ) :
        ret . extend ( ( ( [ i ] + rest ) for rest in subsequences ( ( i + 1 ) , b , ( k - 1 ) ) ) )
    return ret


","def subsequences ( a , b , k ) :
    if ( k == 0 ) :
        return [ ]
    ret = [ ]
    for i in range ( a , ( ( b + 1 ) - k ) ) :
        ret . extend ( ( ( [ i ] + rest ) for rest in subsequences ( ( i + 1 ) , b , ( k - 1 ) ) ) )
    return ret


","def subsequences ( a , b , k ) :
    if ( k == 0 ) :
        return [ [ ] ]
    ret = [ ]
    for i in range ( a , ( ( b + 1 ) - k ) ) :
        ret . extend ( ( ( [ i ] + rest ) for rest in subsequences ( ( i + 1 ) , b , ( k - 1 ) ) ) )
    return ret


",{'subsequences': 'reference.py'},{'subsequences': ''},"def subsequences ( a , b , k ) :
    if ( k == 0 ) :
        return [ [ ] ]
    ret = [ ]
    for i in range ( a , ( ( b + 1 ) - k ) ) :
        ret . extend ( ( ( [ i ] + rest ) for rest in subsequences ( ( i + 1 ) , b , ( k - 1 ) ) ) )
    return ret
",N/A,0.001,0.007,0.000,0.000,1.375,0.073,1.473,12,12,0.019
