Question,Sampling Rate,Experiment ID,File Name,Status,Match (Rfty Code),Match (Ori Code),Buggy Code,Buggy Mutation,Refactored Correct Code,Original Correct File Name,Rule ID,Repair,Stru. Matching Time,Online Refactoring Time,GCR Time,Stru. Mutation Time,Block Mapping Time,Variable Mapping Time,Specification&Synthesis Time,Total Time,#Passed Test Case,#Test Case,RPS
question_38,0,0,wrong_1_001.py,fail_exception,1,1,"def to_base ( num , b ) :
    result = ''
    alphabet = ( string . digits + string . ascii_uppercase )
    while ( num > 0 ) :
        i = ( num % b )
        num = ( num // b )
        result = ( result + alphabet [ i ] )
    return result


","def to_base ( num , b ) :
    result = ''
    alphabet = ( string . digits + string . ascii_uppercase )
    while ( num > 0 ) :
        i = ( num % b )
        num = ( num // b )
        result = ( result + alphabet [ i ] )
    return result


","def to_base ( num , b ) :
    result = ''
    alphabet = ( string . digits + string . ascii_uppercase )
    while ( num > 0 ) :
        i = ( num % b )
        num = ( num // b )
        result = ( alphabet [ i ] + result )
    return result


",{'to_base': 'reference.py'},{'to_base': ''},N/A,N/A,0.001,0.004,0.000,0.000,0.000,0.000,0.028,N/A,N/A,N/A
