Question,Sampling Rate,Experiment ID,File Name,Status,Match (Rfty Code),Match (Ori Code),Buggy Code,Buggy Mutation,Refactored Correct Code,Original Correct File Name,Rule ID,Repair,Stru. Matching Time,Online Refactoring Time,GCR Time,Stru. Mutation Time,Block Mapping Time,Variable Mapping Time,Specification&Synthesis Time,Total Time,#Passed Test Case,#Test Case,RPS
question_7,0,0,wrong_1_001.py,fail_exception,1,1,"def find_in_sorted ( arr , x ) :
    def binsearch ( start , end ) :
        if ( start == end ) :
            return ( - 1 )
        mid = ( start + ( ( end - start ) // 2 ) )
        if ( x < arr [ mid ] ) :
            return binsearch ( start , mid )
        elif ( x > arr [ mid ] ) :
            return binsearch ( mid , end )
        else :
            return mid
    return binsearch ( 0 , len ( arr ) )


","def find_in_sorted ( arr , x ) :
    def binsearch ( start , end ) :
        if ( start == end ) :
            return ( - 1 )
        mid = ( start + ( ( end - start ) // 2 ) )
        if ( x < arr [ mid ] ) :
            return binsearch ( start , mid )
        elif ( x > arr [ mid ] ) :
            return binsearch ( mid , end )
        else :
            return mid
    return binsearch ( 0 , len ( arr ) )


","def find_in_sorted ( arr , x ) :
    def binsearch ( start , end ) :
        if ( start == end ) :
            return ( - 1 )
        mid = ( start + ( ( end - start ) // 2 ) )
        if ( x < arr [ mid ] ) :
            return binsearch ( start , mid )
        elif ( x > arr [ mid ] ) :
            return binsearch ( ( mid + 1 ) , end )
        else :
            return mid
    return binsearch ( 0 , len ( arr ) )


",{'find_in_sorted': 'reference.py'},{'find_in_sorted': ''},N/A,N/A,0.001,0.013,0.000,0.000,2.102,0.000,2.131,N/A,N/A,N/A
