Question,Sampling Rate,Experiment ID,File Name,Status,Match (Rfty Code),Match (Ori Code),Buggy Code,Buggy Mutation,Refactored Correct Code,Original Correct File Name,Rule ID,Repair,Stru. Matching Time,Online Refactoring Time,GCR Time,Stru. Mutation Time,Block Mapping Time,Variable Mapping Time,Specification&Synthesis Time,Total Time,#Passed Test Case,#Test Case,RPS
question_39,0,0,wrong_1_001.py,fail_other,1,1,"def topological_ordering ( nodes ) :
    ordered_nodes = [ node for node in nodes if ( not node . incoming_nodes ) ]
    for node in ordered_nodes :
        for nextnode in node . outgoing_nodes :
            if ( set ( ordered_nodes ) . issuperset ( nextnode . outgoing_nodes ) and ( nextnode not in ordered_nodes ) ) :
                ordered_nodes . append ( nextnode )
    return ordered_nodes


","def topological_ordering ( nodes ) :
    ordered_nodes = [ node for node in nodes if ( not node . incoming_nodes ) ]
    for node in ordered_nodes :
        for nextnode in node . outgoing_nodes :
            if ( set ( ordered_nodes ) . issuperset ( nextnode . outgoing_nodes ) and ( nextnode not in ordered_nodes ) ) :
                ordered_nodes . append ( nextnode )
    return ordered_nodes


","def topological_ordering ( nodes ) :
    ordered_nodes = [ node for node in nodes if ( not node . incoming_nodes ) ]
    for node in ordered_nodes :
        for nextnode in node . outgoing_nodes :
            if ( set ( ordered_nodes ) . issuperset ( nextnode . incoming_nodes ) and ( nextnode not in ordered_nodes ) ) :
                ordered_nodes . append ( nextnode )
    return ordered_nodes


",{'topological_ordering': 'reference.py'},{'topological_ordering': ''},"def topological_ordering ( nodes ) :
    ordered_nodes = [ node for node in nodes if ( not node . incoming_nodes ) ]
    for node in ordered_nodes :
        for nextnode in node . outgoing_nodes :
            if ( set ( ordered_nodes ) . issuperset ( nextnode . incoming_nodes ) and ( nextnode not in ordered_nodes ) ) :
                ordered_nodes . append ( nextnode )
    return ordered_nodes
",N/A,0.001,0.006,0.000,0.000,0.040,0.063,0.114,0,1,N/A
