Question,Sampling Rate,Experiment ID,File Name,Status,Match (Rfty Code),Match (Ori Code),Buggy Code,Buggy Mutation,Refactored Correct Code,Original Correct File Name,Rule ID,Repair,Stru. Matching Time,Online Refactoring Time,GCR Time,Stru. Mutation Time,Block Mapping Time,Variable Mapping Time,Specification&Synthesis Time,Total Time,#Passed Test Case,#Test Case,RPS
question_10,0,0,wrong_1_001.py,success_wo_mut,1,1,"def get_factors ( n ) :
    if ( n == 1 ) :
        return [ ]
    for i in range ( 2 , ( int ( ( n ** 0.5 ) ) + 1 ) ) :
        if ( ( n % i ) == 0 ) :
            return ( [ i ] + get_factors ( ( n // i ) ) )
    return [ ]


","def get_factors ( n ) :
    if ( n == 1 ) :
        return [ ]
    for i in range ( 2 , ( int ( ( n ** 0.5 ) ) + 1 ) ) :
        if ( ( n % i ) == 0 ) :
            return ( [ i ] + get_factors ( ( n // i ) ) )
    return [ ]


","def get_factors ( n ) :
    if ( n == 1 ) :
        return [ ]
    for i in range ( 2 , ( int ( ( n ** 0.5 ) ) + 1 ) ) :
        if ( ( n % i ) == 0 ) :
            return ( [ i ] + get_factors ( ( n // i ) ) )
    return [ n ]


",{'get_factors': 'reference.py'},{'get_factors': ''},"def get_factors ( n ) :
    if ( n == 1 ) :
        return [ ]
    for i in range ( 2 , ( int ( ( n ** 0.5 ) ) + 1 ) ) :
        if ( ( n % i ) == 0 ) :
            return ( [ i ] + get_factors ( ( n // i ) ) )
    return [ n ]
",N/A,0.001,0.008,0.000,0.000,0.027,0.066,0.108,11,11,0.022
