Question,Sampling Rate,Experiment ID,File Name,Status,Match (Rfty Code),Match (Ori Code),Buggy Code,Buggy Mutation,Refactored Correct Code,Original Correct File Name,Rule ID,Repair,Stru. Matching Time,Online Refactoring Time,GCR Time,Stru. Mutation Time,Block Mapping Time,Variable Mapping Time,Specification&Synthesis Time,Total Time,#Passed Test Case,#Test Case,RPS
question_15,0,0,wrong_1_001.py,success_wo_mut,1,1,"def kth ( arr , k ) :
    pivot = arr [ 0 ]
    below = [ x for x in arr if ( x < pivot ) ]
    above = [ x for x in arr if ( x > pivot ) ]
    num_less = len ( below )
    num_lessoreq = ( len ( arr ) - len ( above ) )
    if ( k < num_less ) :
        return kth ( below , k )
    elif ( k >= num_lessoreq ) :
        return kth ( above , k )
    else :
        return pivot


","def kth ( arr , k ) :
    pivot = arr [ 0 ]
    below = [ x for x in arr if ( x < pivot ) ]
    above = [ x for x in arr if ( x > pivot ) ]
    num_less = len ( below )
    num_lessoreq = ( len ( arr ) - len ( above ) )
    if ( k < num_less ) :
        return kth ( below , k )
    elif ( k >= num_lessoreq ) :
        return kth ( above , k )
    else :
        return pivot


","def kth ( arr , k ) :
    pivot = arr [ 0 ]
    below = [ x for x in arr if ( x < pivot ) ]
    above = [ x for x in arr if ( x > pivot ) ]
    num_less = len ( below )
    num_lessoreq = ( len ( arr ) - len ( above ) )
    if ( k < num_less ) :
        return kth ( below , k )
    elif ( k >= num_lessoreq ) :
        return kth ( above , ( k - num_lessoreq ) )
    else :
        return pivot


",{'kth': 'reference.py'},{'kth': ''},"def kth ( arr , k ) :
    pivot = arr [ 0 ]
    below = [ x for x in arr if ( x < pivot ) ]
    above = [ x for x in arr if ( x > pivot ) ]
    num_less = len ( below )
    num_lessoreq = ( len ( arr ) - len ( above ) )
    if ( k < num_less ) :
        return kth ( below , k )
    elif ( k >= num_lessoreq ) :
        return kth ( above , ( k - num_lessoreq ) )
    else :
        return pivot
",N/A,0.001,0.014,0.000,0.000,0.262,0.036,0.318,7,7,0.043
