Question,Sampling Rate,Experiment ID,File Name,Status,Match (Rfty Code),Match (Ori Code),Buggy Code,Buggy Mutation,Refactored Correct Code,Original Correct File Name,Rule ID,Repair,Stru. Matching Time,Online Refactoring Time,GCR Time,Stru. Mutation Time,Block Mapping Time,Variable Mapping Time,Specification&Synthesis Time,Total Time,#Passed Test Case,#Test Case,RPS
question_27,0,0,wrong_1_001.py,success_wo_mut,1,1,"def powerset ( arr ) :
    if arr :
        ( first , * rest ) = arr
        rest_subsets = powerset ( rest )
        return [ ( [ first ] + subset ) for subset in rest_subsets ]
    else :
        return [ [ ] ]


","def powerset ( arr ) :
    if arr :
        ( first , * rest ) = arr
        rest_subsets = powerset ( rest )
        return [ ( [ first ] + subset ) for subset in rest_subsets ]
    else :
        return [ [ ] ]


","def powerset ( arr ) :
    if arr :
        ( first , * rest ) = arr
        rest_subsets = powerset ( rest )
        return ( rest_subsets + [ ( [ first ] + subset ) for subset in rest_subsets ] )
    else :
        return [ [ ] ]


",{'powerset': 'reference.py'},{'powerset': ''},"def powerset ( arr ) :
    if arr :
        ( first , * rest ) = arr
        rest_subsets = powerset ( rest )
        return ( rest_subsets + [ ( [ first ] + subset ) for subset in rest_subsets ] )
    else :
        return [ [ ] ]
",N/A,0.001,0.007,0.000,0.000,0.028,0.070,0.113,5,5,0.100
