Question,Sampling Rate,Experiment ID,File Name,Status,Match (Rfty Code),Match (Ori Code),Buggy Code,Buggy Mutation,Refactored Correct Code,Original Correct File Name,Rule ID,Repair,Stru. Matching Time,Online Refactoring Time,GCR Time,Stru. Mutation Time,Block Mapping Time,Variable Mapping Time,Specification&Synthesis Time,Total Time,#Passed Test Case,#Test Case,RPS
question_33,0,0,wrong_1_001.py,fail_other,1,1,"def shortest_paths ( source , weight_by_edge ) :
    weight_by_node = { v : float ( 'inf' ) for ( u , v ) in weight_by_edge }
    weight_by_node [ source ] = 0
    for i in range ( ( len ( weight_by_node ) - 1 ) ) :
        for ( ( u , v ) , weight ) in weight_by_edge . items ( ) :
            weight_by_edge [ ( u , v ) ] = min ( ( weight_by_node [ u ] + weight ) , weight_by_node [ v ] )
    return weight_by_node


","def shortest_paths ( source , weight_by_edge ) :
    weight_by_node = { v : float ( 'inf' ) for ( u , v ) in weight_by_edge }
    weight_by_node [ source ] = 0
    for i in range ( ( len ( weight_by_node ) - 1 ) ) :
        for ( ( u , v ) , weight ) in weight_by_edge . items ( ) :
            weight_by_edge [ ( u , v ) ] = min ( ( weight_by_node [ u ] + weight ) , weight_by_node [ v ] )
    return weight_by_node


","def shortest_paths ( source , weight_by_edge ) :
    weight_by_node = { v : float ( 'inf' ) for ( u , v ) in weight_by_edge }
    weight_by_node [ source ] = 0
    for i in range ( ( len ( weight_by_node ) - 1 ) ) :
        for ( ( u , v ) , weight ) in weight_by_edge . items ( ) :
            weight_by_node [ v ] = min ( ( weight_by_node [ u ] + weight ) , weight_by_node [ v ] )
    return weight_by_node


",{'shortest_paths': 'reference.py'},{'shortest_paths': ''},"def shortest_paths ( source , weight_by_edge ) :
    weight_by_node = { v : float ( 'inf' ) for ( u , v ) in weight_by_edge }
    weight_by_node [ source ] = 0
    for i in range ( ( len ( weight_by_node ) - 1 ) ) :
        for ( ( u , v ) , weight ) in weight_by_edge . items ( ) :
            weight_by_node [ v ] = min ( ( weight_by_node [ u ] + weight ) , weight_by_node [ v ] )
    return weight_by_node
",N/A,0.001,0.011,0.000,0.000,0.493,0.071,0.584,0,1,N/A
