Question,Sampling Rate,Experiment ID,File Name,Status,Match (Rfty Code),Match (Ori Code),Buggy Code,Buggy Mutation,Refactored Correct Code,Original Correct File Name,Rule ID,Repair,Stru. Matching Time,Online Refactoring Time,GCR Time,Stru. Mutation Time,Block Mapping Time,Variable Mapping Time,Specification&Synthesis Time,Total Time,#Passed Test Case,#Test Case,RPS
question_3,0,0,wrong_3_001.py,success_wo_mut,1,1,"def bucketsort ( arr , k ) :
    counts = ( [ 0 ] * k )
    for x in arr :
        counts [ x ] += 1
    sorted_arr = [ ]
    for ( i , count ) in enumerate ( arr ) :
        sorted_arr . extend ( ( [ i ] * count ) )
    return sorted_arr


","def bucketsort ( arr , k ) :
    counts = ( [ 0 ] * k )
    for x in arr :
        counts [ x ] += 1
    sorted_arr = [ ]
    for ( i , count ) in enumerate ( arr ) :
        sorted_arr . extend ( ( [ i ] * count ) )
    return sorted_arr


","def bucketsort ( arr , k ) :
    counts = ( [ 0 ] * k )
    for x in arr :
        counts [ x ] += 1
    sorted_arr = [ ]
    for ( i , count ) in enumerate ( counts ) :
        sorted_arr . extend ( ( [ i ] * count ) )
    return sorted_arr


",{'bucketsort': 'reference.py'},{'bucketsort': ''},"def bucketsort ( arr , k ) :
    counts = ( [ 0 ] * k )
    for count in arr :
        counts [ count ] += 1
    sorted_arr = [ ]
    for ( i , ref_count ) in enumerate ( counts ) :
        sorted_arr . extend ( ( [ i ] * ref_count ) )
    return sorted_arr
",N/A,0.001,0.007,0.000,0.000,0.364,0.061,0.437,7,7,0.119
