Question,Sampling Rate,Experiment ID,File Name,Status,Match (Rfty Code),Match (Ori Code),Buggy Code,Buggy Mutation,Refactored Correct Code,Original Correct File Name,Rule ID,Repair,Stru. Matching Time,Online Refactoring Time,GCR Time,Stru. Mutation Time,Block Mapping Time,Variable Mapping Time,Specification&Synthesis Time,Total Time,#Passed Test Case,#Test Case,RPS
question_30,0,0,wrong_1_001.py,fail_exception,1,1,"def rpn_eval ( tokens ) :
    def op ( symbol , a , b ) :
        return { '+' : ( lambda a , b : ( a + b ) ) , '-' : ( lambda a , b : ( a - b ) ) , '*' : ( lambda a , b : ( a * b ) ) , '/' : ( lambda a , b : ( a / b ) ) , } [ symbol ] ( a , b )
    stack = [ ]
    for token in tokens :
        if isinstance ( token , float ) :
            stack . append ( token )
        else :
            a = stack . pop ( )
            b = stack . pop ( )
            stack . append ( op ( token , a , b ) )
    return stack . pop ( )


","def rpn_eval ( tokens ) :
    def op ( symbol , a , b ) :
        return { '+' : ( lambda a , b : ( a + b ) ) , '-' : ( lambda a , b : ( a - b ) ) , '*' : ( lambda a , b : ( a * b ) ) , '/' : ( lambda a , b : ( a / b ) ) , } [ symbol ] ( a , b )
    stack = [ ]
    for token in tokens :
        if isinstance ( token , float ) :
            stack . append ( token )
        else :
            a = stack . pop ( )
            b = stack . pop ( )
            stack . append ( op ( token , a , b ) )
    return stack . pop ( )


","def rpn_eval ( tokens ) :
    def op ( symbol , a , b ) :
        return { '+' : ( lambda a , b : ( a + b ) ) , '-' : ( lambda a , b : ( a - b ) ) , '*' : ( lambda a , b : ( a * b ) ) , '/' : ( lambda a , b : ( a / b ) ) , } [ symbol ] ( a , b )
    stack = [ ]
    for token in tokens :
        if isinstance ( token , float ) :
            stack . append ( token )
        else :
            a = stack . pop ( )
            b = stack . pop ( )
            stack . append ( op ( token , b , a ) )
    return stack . pop ( )


",{'rpn_eval': 'reference.py'},{'rpn_eval': ''},N/A,N/A,0.002,0.032,0.000,0.000,0.186,0.000,0.235,N/A,N/A,N/A
